,Date,SANTANDER,UNICREDIT,CEZ,PKNORLEN,PKOBP,DINOPL,PZU,ALLEGRO,SANPL,KGHM,MOL,PEKAO,PEPCO,INGBSK,LPP,PGE,KRKA,MBANK,CDPROJEKT,CYFRPLSAT,HANDLOWY,ORANGEPL,BNPPL,IIAAV,BUDIMEX,JSW,KRUK,MILLENNIUM,INTERCARS,ASSECOPOL,PEP,ALIOR,KETY,GRPAAZOTY,AMREST,XTB,TAURONPE,GTC,ENEA,LIVECHAT,WIRTUALNA,GRUPRACUJ,NEUCA,STSHLDING,PLAYWAY,DOMDEV,ASSECOSEE,CIECH,BENEFIT,PCCROKITA
0,2013-04-15,,inf,inf,inf,inf,,inf,,,inf,inf,inf,,inf,inf,inf,inf,,inf,inf,inf,,inf,,inf,inf,inf,inf,inf,inf,inf,inf,inf,,inf,,inf,inf,inf,,,,inf,,,inf,inf,inf,inf,
0,2013-04-17,,0.08560835861139207,0.018995929443690638,0.015920398009950192,0.011695906432748496,,0.003612281757977122,,,0.009852216748768473,0.06653270819379328,0.025008015389547972,,0.04260218767990792,0.03284072249589491,0.019312009656004846,inf,,0.004350978970268347,0.0524781341107873,0.028364998662028428,,0.19558359621451105,,0.026845637583892617,0.017094017094017096,0.016983420946219234,0.02985074626865665,0.11192214111922141,0.00749239054085695,0.027893497554790786,0.01031687546057484,0.022471910112359512,,0.08160851567120055,,0.019093078758949895,0.027989821882951623,0.014399393709738499,,,,0.02139800285306705,,,0.014162077104641992,0.05319148936170209,0.03497615262321142,0.024832855778414518,
0,2013-04-18,,0.06315789473684201,0.011111111111111112,0.014504431909750178,0.00496858103171108,,0.009962337504556003,,,0.003196590303675998,0.06480446927374302,0.0175040518638573,,0.06349206349206342,0.024569214279825214,0.025782688766114288,inf,,0.007380073800737981,0.028407373828951487,0.024771136241249297,,0.19558359621451105,,0.05341657995143939,0.021381103727246557,0.016260162601626018,0.02631578947368423,0.03898050974512749,0.006976744186046446,0.04804804804804809,0.011764705882353108,0.05389763067462463,,0.09232578653337263,,0.04010025062656645,0.02108036890645588,0.007968127490039813,,,,0.021660649819494584,,,0.015748031496062992,0.04316546762589916,0.020665901262916158,0.022900763358778626,
0,2013-04-19,,0.11925042589437819,0.014132309575474277,-2.0,0.0003001650907998803,,-2.0,,,0.018531717747683495,0.06480446927374302,0.012357723577235625,,0.06349206349206342,0.03262562505123371,0.01851851851851856,inf,,0.015037593984962485,0.03309692671394791,0.03153887982599245,,0.19558359621451105,,0.0273972602739726,0.006006006006006006,0.008032128514056224,0.03756906077348064,0.030356870907152594,0.004640371229698442,0.03951081843838196,0.031134173461823487,-0.030456852791878215,,0.08387477849970476,,0.007722007722007672,0.03403141361256542,0.015390846496557272,,,,0.01841620626151013,,,0.015435501653803701,0.028005794302269352,0.029714285714285648,0.04780076320546297,
0,2013-04-22,,0.09716599190283397,0.014132309575474277,0.024665551839464877,0.014520669728848775,,0.009852216748768473,,,0.0063246661981729135,0.06480446927374302,0.015614834092387807,,0.051826203507204294,0.01880669052176084,0.01851851851851856,inf,,0.008968609865470795,0.025802580258025787,0.01921493274773538,,inf,,0.05611361274679593,0.01812688821752266,0.030510937121640172,0.03756906077348064,0.05995055624227434,0.008163265306122316,0.06858202038924922,0.02610966057441253,0.0721262208865514,,0.08160851567120055,,0.007643312101910779,0.021333333333333353,0.03198031980319808,,,,0.04860355458832056,,,0.015748031496062992,inf,0.011534025374855825,0.053231939163498145,
0,2013-04-23,,0.07219512195121948,0.016488413547237124,0.022604837857821917,0.010424422933730495,,0.011967273171327335,,,0.009608785175017199,0.06480446927374302,0.011695906432748612,,0.0633822779069107,0.02422432387589182,0.008052028491793284,inf,,0.011958146487294478,0.02195121951219509,0.025046629363176063,,0.08799403430275907,,0.11428571428571428,0.019184652278177557,0.003069714839647869,0.023783783783783662,0.06213796735123755,0.016260162601625917,0.028322017458777902,0.015422624840907407,0.0721262208865514,,0.09064155385520899,,0.02020202020202022,0.032701111837802485,0.015025701858442033,,,,0.01937567276641542,,,0.02934748673118955,inf,0.03159632162225882,0.04295942720763728,
0,2013-04-24,,0.02347127856701662,0.02148106274731493,0.013883045856121089,0.006042296072507639,,0.012121212121212121,,,0.010619469026548672,0.10238907849829351,0.02844214608920495,,0.0633822779069107,0.013651877133105802,0.010075566750629731,inf,,0.025583145221971533,0.02671523982999401,0.04587397838122852,,0.08799403430275907,,0.025145329187508444,0.029188558085230586,0.010939510939510936,0.04038257173219968,0.041302959335746174,0.0023781212841855275,0.04807109674813174,0.010502625656414145,0.048598130841121495,,0.09064155385520899,,0.010075566750629731,0.022121014964215997,0.019417475728155338,,,,0.013673983447283237,,,0.10674241291672885,inf,0.03056665882906177,0.05710862619808311,
0,2013-04-25,,0.23427041499330667,0.009950248756218912,0.031138699501373792,0.004239854633555438,,0.012890672503952358,,,0.0045351473922902895,0.047597665020206535,0.023376623376623523,,0.054732556824606905,0.007715387912558937,0.023146700031279385,inf,,0.030120481927710867,0.02038369304556354,0.041031036296686016,,0.07494368985052208,,0.03312239127507733,0.01766554034026924,0.0032310177705977845,0.031413612565444914,0.02481902792140647,0.03409898176651681,0.04807109674813174,0.014947683109118086,0.025878003696857672,,0.011444425177735333,,0.015151515151515166,0.037443511943189164,0.015873015873015817,,,,0.03636363636363636,,,0.043995243757431746,inf,0.007386888273314874,0.03836930455635489,
0,2013-04-26,,0.11415672363753637,0.027263659536739378,0.014506078251098044,0.0060845756008517105,,0.012223903177004428,,,0.005139626520472845,0.060660124888492394,-0.007968127490039766,,0.024207492795388984,0.048913972977595345,0.0067588325652841435,inf,,0.0073691967575534,0.022162324049116347,0.041031036296686016,,0.45161290322580644,,0.013157894736842105,0.009220948102612614,0.029459901800327284,0.03530633437175491,0.06213796735123755,0.007815275310834773,0.020723197293296764,0.014797100366191003,0.06851311953352775,,0.0658823529411764,,0.026796589524969626,0.0203045685279188,0.045347928068803764,,,,0.02825063382832311,,,0.02798254851812847,0.036857419980601436,0.03702835715959687,0.043678621518733744,
0,2013-04-29,,0.057998129092609894,0.03685763598908733,0.011027159485399207,0.00518213686937972,,0.01732526403227723,,,0.008168822328114287,0.04133395960544862,0.017015706806282685,,0.046301524562394065,0.04942557236135218,0.008610086100860826,inf,,0.019635343618513403,0.02762762762762747,0.03125,,0.45161290322580644,,0.0045558086560363725,0.02237029985721097,0.012701514411333563,0.027055150884495296,0.03448802075385321,0.011582555253516012,0.12686249467858665,0.020051986632008828,0.0497655968265417,,0.06132075471698116,,0.02166064981949455,0.025445292620865163,0.02494154325798911,,,,0.02023121387283245,,,0.022031084955485038,0.04457953394123602,0.010175763182238616,0.02666666666666676,
0,2013-04-30,,0.03959208158368327,0.015695067264574054,0.024539877300613556,0.005800641123492745,,0.011641443538998836,,,-2.0,0.08108108108108109,0.009852216748768473,,0.029082774049217094,0.04107424960505529,0.015863331299572788,inf,,0.010869565217391313,0.01379310344827589,0.03288958496476107,,0.45161290322580644,,0.006430868167202572,-0.0006099420555046925,0.012377850162866416,0.024844720496894433,0.030356870907152594,0.011073153492755304,0.05841563353645711,-0.023512646954043544,0.021660649819494584,,0.06246317030053032,,0.012121212121212293,0.026768642447418733,0.0031421838177532716,,,,0.020129403306973482,,,0.02798254851812847,0.024072216649949872,0.012422360248447185,0.025070764253942647,
0,2013-05-02,,0.049537451507012935,0.008830022075055156,0.011426239542950465,0.008845508616745438,,0.012933025404157096,,,0.02323991797676012,0.07792207792207792,0.015186530207989324,,0.03314917127071823,0.047244094488188976,0.006079027355623187,inf,,0.033489618218352314,0.01616282550134688,0.05109296813273631,,0.45161290322580644,,inf,0.028545399331916115,0.006658546488022796,0.02694300518134713,0.008113590263691656,0.020497113912121678,0.020366598778004074,0.0014074595355382732,0.03488372093023264,,0.08795411089866163,,0.01435406698564584,0.03645505971087367,0.020873598763045967,,,,0.0064034151547492394,,,0.018442932728646996,0.06550665301944734,0.021978021978021834,0.023272285743195387,
0,2013-05-06,,0.1349082996580666,0.014309301045679661,-2.0,0.01221374045801544,,0.011299435028248588,,,0.011544516354731542,0.035118915314514366,0.009736444519053328,,0.03238414293690682,0.0392156862745098,0.017287630402384662,inf,,0.01342281879194626,0.03921568627450972,0.024923729251771148,,0.45161290322580644,,0.002663115845539319,0.030035872803550787,0.005200715098326024,0.024539877300613515,0.018063474443715546,0.01711840228245361,0.02429149797570856,0.043795620437956206,0.02627737226277389,,0.0824544582933845,,0.01684717208182919,0.023999999999999962,0.013646702047005285,,,,0.0106951871657754,,,0.026634382566585818,0.06550665301944734,0.02669079393802307,0.019017432646592756,
0,2013-05-07,,0.05819295558958659,0.015873015873015914,0.014961542513960613,0.005087535537932118,,0.019979795712201095,,,0.006145442130419978,0.035118915314514366,0.0046620046620045865,,0.006921187765126195,0.0419047619047619,0.015448603683897897,inf,,0.013698630136986254,0.020926756352765193,0.03512396694214882,,0.45161290322580644,inf,0.03019315709671029,0.007822048398924477,0.014179825974863076,0.026449643947100872,0.04020100502512563,0.01673251220079012,0.027986209693774133,0.02094618996027451,0.007525533058591731,,0.012578616352201259,,0.007220216606498256,0.03187250996015939,0.013186813186813166,,,,0.017761989342806393,,,0.035820895522388145,0.010050251256281372,0.01107419712070875,0.036786060019361085,
0,2013-05-08,,0.06142941523922027,0.0289291882556132,0.011268781302170265,0.004415011037527553,,0.012297372833985467,,,0.009543285616905288,0.035118915314514366,0.009256198347107288,,0.018695748942799986,0.030534351145038167,0.02014218009478672,inf,,0.03145478374836176,0.02631578947368429,0.03375959079283899,,0.45161290322580644,0.015630815035355346,0.0314547837483618,0.013639181649101158,0.007870853746687046,0.012024048096192307,0.02493765586034913,0.0046296296296295305,0.027986209693774133,0.014388489208633094,0.010411057260814852,,0.03032802487151831,,0.009661835748792277,0.02469135802469141,0.025055268975681638,,,,0.003220611916264009,,,0.022838499184339407,0.010050251256281372,0.024202420242024233,0.02836335760827917,
0,2013-05-09,,0.08721804511278201,0.03232607167955019,0.0073876462138313045,0.0047365304914149375,,0.008904719501335707,,,0.0070245860511792034,0.039284926064886365,0.014627011214041932,,0.015402515374813014,0.022641509433962263,0.010619469026548657,inf,,0.00647249190938509,0.01901366607248941,0.0130325814536342,,0.54522316153077,inf,0.018985270049099688,0.007322307789420506,0.035195103289977006,0.03193612774451101,0.03940203940203944,0.008641831133948324,0.027986209693774133,0.011221406991799757,0.025044722719141325,,0.08281150159744396,,0.01206272617611576,0.020806241872561672,0.02005198663200888,,,,inf,,,0.02313853455947793,0.010050251256281372,0.022371364653243846,0.0182956186807896,
0,2013-05-10,,0.06659012629161883,0.04044117647058818,0.012178759417896654,0.004845548152634879,,0.004119579134888433,,,-2.0,0.03479409821625195,-0.0043239647430567485,,0.012028430836522627,0.03690036900369004,0.011940298507462857,inf,,0.027255029201816997,0.02304283604135897,0.011349617567234203,,0.16296296296296298,inf,0.03793328973185096,0.007958062274995386,0.03745318352059925,0.014098690835851014,0.013503375843961076,0.012306977824219231,0.027575020275750192,0.03290164508225404,0.0051039008384979115,,0.02442574194773153,,-0.0023894862604541636,0.0272197018794556,0.020946189960274537,,,,0.0092625578909869,,,0.026431718061673968,0.010050251256281372,0.029783393501805065,0.02699291193319735,
0,2013-05-13,,0.06484935437589666,0.03382433169667221,0.010819808572617625,0.00693920651681994,,0.005477614443016017,,,0.008213552361396226,0.05067715159458277,0.007952286282306088,,0.01092896174863388,0.1330489268097587,0.003567181926278375,inf,,0.01678502259522271,0.03486710488711057,0.03311094638003454,,0.16296296296296298,0.04508050089445431,0.019417475728155338,0.007604562737642693,0.013473053892215654,0.02997002997003004,0.04830446450353748,0.012491325468424684,0.014242115971515826,0.020477815699658702,0.0072992700729927005,,0.02438261956861523,,0.00954653937947495,0.024500322372662735,0.035623409669211216,,,,0.015850144092219142,,,0.027123483226267033,0.010050251256281372,0.014605203103605672,0.06549824737105668,
0,2013-05-14,,0.05480242284395727,0.009928295642581263,0.016945649927671013,0.007457121551081283,,0.009075121841913645,,,0.008864643709512522,0.05195372189478282,0.007490636704119888,,0.01092896174863388,0.01370821093859281,0.008348240906380476,inf,,0.022265880812049763,0.03219429539678039,0.04829474732387348,,0.16296296296296298,0.016152716593245273,0.03321033210332106,0.01213216313887452,0.0100649113850195,0.028000000000000115,0.04830446450353748,0.01707455890722823,0.03278688524590167,0.012253233492171622,0.009308986752595855,,0.036477987421383716,,0.011890606420927636,0.024500322372662735,0.009329027628274186,,,,0.0151351351351353,,,0.011363636363636322,0.010050251256281372,0.015253476895468814,0.0365474339035769,
0,2013-05-15,,0.05480242284395727,0.025040827436036986,0.016579053780833006,0.007300335815447511,,0.00564652738565782,,,0.006183442116111341,0.0581270182992465,0.01752988047808765,,0.04181373879989133,0.03164950590836846,0.008826125330979616,inf,,0.011772400261608994,0.0273972602739726,0.023192696767826246,,0.16296296296296298,0.04980151569830382,0.01755485893416935,0.0011201692700230682,0.01094188969392274,0.042296072507552865,0.05163175840233801,0.006098889130908169,0.03278688524590167,0.010869565217391266,0.01097539387502221,,0.034972952572650665,,0.0023501762632196915,0.014464168310322198,0.013713460844460448,,,,0.010795250089960419,,,0.031755113717636944,0.010050251256281372,0.01284796573875806,0.020715262849325823,
0,2013-05-16,,0.06540447504302929,0.002764722145424385,0.011985460261322318,0.008909326052593829,,0.012512797178933,,,0.011134307585247003,0.06190777005685415,0.00814281240212973,,0.009282009282009219,0.02755620014503263,0.015312131919905655,inf,,0.01871657754010691,0.04210526315789459,0.031311154598825865,,0.16296296296296298,0.039497307001795254,0.03349131121642977,0.016219588271989983,0.005597289733392185,0.021803766105054398,0.04768583450210373,inf,0.02021035265003087,0.00896740948939305,0.017699115044247787,,0.020974706971005584,,0.01652892561983457,0.005354752342704154,0.031421264157837026,,,,0.0036036036036036037,,,0.038403094350048364,0.010050251256281372,0.010984368398817133,0.021547502448579822,
0,2013-05-17,,0.10028169014084513,0.01050013815971266,0.007812499999999972,0.006942435637836126,,0.000692281066112868,,,-2.0,0.05757512082370253,0.015949960906958632,,0.02710027100271003,0.03663003663003663,0.015566445661573917,inf,,0.019933554817275677,0.03583845948114478,0.01856375183194911,,0.10687022900763359,0.03002144388849178,0.01897001718759958,0.017510944340212702,0.01635687732341999,0.02507232401157182,0.07097361237488622,0.01729106628242075,0.020618556701030927,0.0012507817385865455,0.00246870040557217,,0.03848075962018989,,0.004672897196261791,0.0172987358616101,0.025044722719141297,,,,0.05166051660516605,,,0.017306652244456478,0.012084592145015206,0.027800490596892873,0.02541544477028348,
0,2013-05-20,,inf,0.014842711564023076,0.015060822552616357,0.009935710111046272,,0.005425059156230213,,,0.013035053725559234,0.06144781144781142,0.01302325581395363,,0.014309301045679661,0.03717472118959108,0.008106543138390305,inf,,0.014369693011103897,0.049920339883165236,0.017664376840039225,,0.10687022900763359,0.04142857142857131,0.07274895646988681,0.013215586982029187,0.019356290794508305,0.016997167138810172,0.07024029574861362,0.03184484616305515,0.020618556701030927,0.0037807183364838965,0.015693112467306015,,0.021236727045596534,,0.0069686411149826365,0.016150740242261118,0.007142857142857244,,,,0.02181818181818182,,,0.02615242372209753,0.008040201005025133,0.009891196834817014,0.03416149068322986,
0,2013-05-21,,0.13529411764705876,0.031760232610154364,0.011605415860735036,0.004441154700222015,,-2.0,,,-2.0,0.06058056373580146,0.01302325581395363,,0.011484823625922855,0.004911165679618662,0.0011911852293031314,inf,,0.0,0.0031595576619272625,0.01905692645980946,,0.10687022900763359,inf,0.008083884951086612,0.010274184563966062,0.029334336216622837,0.04206500956022939,0.015322217214961721,0.017673752089801813,0.004301075268817265,-0.002496878901373319,0.0177111716621253,,0.027568922305764444,,0.0069686411149826365,0.022926500337154408,0.013664149586479647,,,,0.03007518796992481,,,0.021476865968447438,0.018181818181818153,0.047554610477479234,0.05087440381558033,
0,2013-05-22,,-2.0,0.012077834936255853,0.011635933339907374,0.005054258956444231,,0.005685048322910745,,,-2.0,0.0362087326943557,0.014361536059943874,,0.010939830929885572,0.010659331212928684,0.011380652890086716,inf,,0.013758599124452821,0.014176663031624756,0.017638412542871112,,0.10687022900763359,inf,0.04667863554757637,0.015802659471959964,0.013333333333333417,0.01565557729941293,0.033958891867739024,0.016107705253035263,0.02887473460721867,0.0186219739292365,0.014935505770536435,,0.03650094398993085,,0.007100591715976391,0.01909959072305601,0.011206574523720607,,,,0.012672381662318216,,,0.049029622063329795,0.05555555555555566,0.03189420458965384,0.03536345776031434,
0,2013-05-23,,0.10550198525241064,0.015677491601343848,0.018840438962804677,0.010098010098010198,,0.011376564277588168,,,0.0013850415512464587,0.0507399577167019,0.01387137452711216,,0.008849557522123862,0.02385884496158192,0.012444444444444496,inf,,0.016219588271990003,0.026551070170685368,0.04093859211183234,,0.10687022900763359,inf,0.019988242210464465,0.006183442116111341,0.008720930232558058,0.03297769156159067,0.0861594867094408,0.01486097794822638,0.03262020758313915,0.027727546714888456,0.00950764006791156,,0.024065864471184365,,0.011806375442739039,0.02469135802469132,0.023668639053254458,,,,0.017479970866715263,,,0.09476309226932661,0.05181347150259067,0.018185335654865502,0.0273972602739726,
0,2013-05-24,,0.0959909655561829,0.022612351570933414,0.016701051183809833,0.004757656853999516,,0.02580353100950651,,,0.008589835361489027,0.05150214592274678,0.004672169444011836,,0.06060606060606061,0.04430908873760901,0.004860267314702205,inf,,0.008711885500933452,0.03202650469353939,0.03941384537645281,,0.10687022900763359,inf,0.02637889688249404,0.005350161190753831,0.014348865859844842,0.029556650246305487,0.0861594867094408,0.01701093560145815,0.02875264270613107,0.011976047904191617,0.010540184453227894,,0.024065864471184365,,-2.0,0.016528925619834725,0.04308141657539247,,,,0.01092896174863388,,,0.03636363636363636,0.0637075718015667,0.03010420686993443,0.030213851285069603,
0,2013-05-27,,0.08735110606920019,0.024774774774774803,0.0127807900852052,0.00799881499037189,,0.004313770007946367,,,0.008426966292134751,inf,0.03115264797507788,,0.026745588074098405,0.038298669664605586,0.02336028751123094,inf,,0.019207683073229308,0.01865057597366977,0.023433520122261815,,0.10687022900763359,0.03127221037668795,0.04572803850782187,0.014996591683708366,0.031784471015589656,0.021589793915603592,0.08656036446469248,0.02344497607655495,0.028323821602198186,0.011639185257031934,0.012538177141938521,,0.03402646502835543,,0.021052631578947333,0.025974025974026,0.010657193605683863,,,,0.021739130434782608,,,0.04715408430578703,0.0637075718015667,0.024385523514611922,0.021256038647342997,
0,2013-05-28,,0.04545454545454549,0.023593964334705137,0.017397741995187815,0.005234079674323923,,0.008611530503830504,,,0.0027453671928620847,0.07542372881355937,0.0033287940686942737,,0.08069792802617236,0.012578616352201259,0.009373169302870542,,,0.02003535651149086,0.04232804232804237,0.006421189926758309,,0.5142857142857142,0.02987197724039829,0.06489467816698939,0.004208311415044811,0.008655424563497962,0.0,0.05869074492099323,0.004545998325158457,0.01632653061224484,0.010262601871415566,0.01713269759172462,,0.029805697038294717,,0.004597701149425394,0.02756892230576438,0.005730659025787971,,,,0.010787486515641855,,,0.01912407035769083,0.023454157782516062,0.007692307692307802,0.011282149345061625,
0,2013-05-29,,0.0728291316526611,0.012703673018503081,-2.0,-2.0,,0.010894941634241194,,,0.0030196275792651476,0.03278688524590166,-2.0,,0.02139899994623361,0.031787502721532766,0.004026459591601972,inf,,0.009259259259259267,0.02573726541554962,0.009348093480934698,,0.3407785577536695,0.01291248206599711,0.06896551724137928,0.00429491768074443,0.027006524047944184,0.027027027027026966,0.05869074492099323,0.016668623077826055,0.009374363154676865,0.027761013880506908,0.0012853470437017265,,0.008711885500933452,,inf,0.0024721878862793045,0.00647715005397624,,,,0.017106200997861764,,,0.043132803632236066,0.028282828282828222,0.017291066282420723,0.03076923076923077,
0,2013-05-31,,0.10774410774410784,0.015531200088120247,0.003780718336483986,0.009253903990746104,,0.0038001564770313817,,,-0.0026702269692924275,0.029106029106029108,0.015128593040847202,,0.012002182214948264,0.009190631485324638,0.010798522307473787,inf,,0.01372997711670492,0.033405172413793156,0.014977533699450823,,0.38646714378659736,inf,0.025434605063586423,0.010443864229764977,0.021301407136748777,0.025365853658536736,0.05781391147244811,0.022157434402332428,0.009374363154676865,0.029598308668076143,0.007772020725388527,,0.011187072715972725,,0.009523809523809533,0.002344665885111322,0.026438013576277185,,,,0.016057091882247992,,,0.036199095022624465,0.014042126379137293,0.007415647015202051,0.011976047904191617,
0,2013-06-03,,0.1193530395984384,0.019891202813341415,0.006625650733554215,0.006623470122390323,,0.005886841818380004,,,0.013559322033898305,0.07130730050933791,0.021116138763197588,,0.0062829455300570086,0.015515330624307351,0.009394860458690145,,,0.01029159519725556,0.041039671682626545,0.021122846025569655,,0.38646714378659736,inf,0.07514519378926163,0.051524643610560646,0.02547770700636945,0.02734375000000011,0.07709750566893424,0.016202888340965074,0.038422649140545974,0.017553286763388843,0.006493506493506494,,0.02820432466311501,,0.006936416184971157,0.044073853484216705,0.02872777017783857,,,,0.015669515669515587,,,0.031963470319634674,0.06591244466305951,0.01904761904761905,0.027833001988071572,
0,2013-06-04,,0.1193530395984384,0.017391304347826025,0.01656038831255349,0.005865102639296271,,0.01082753286929616,,,0.008563110121596164,0.0682637269450922,0.012501905778319935,,0.02254428341384872,0.019904165130851456,0.014017381553125876,,,0.006920415224913348,0.035374149659863866,0.01291604570293092,,0.38646714378659736,inf,0.06896551724137928,0.018095987411487147,0.006182380216383395,0.01183431952662714,0.02237136465324385,0.006551240056153512,0.022426095820591265,0.03875068761078176,0.003684474962317946,,0.0086902545003104,,0.0,0.03592814371257494,0.02242466713384725,,,,0.013576277241872138,,,0.043999534396461426,0.007024586051179156,0.011066590345354043,0.01607717041800643,
0,2013-06-05,,0.05405405405405406,0.011885467314964824,0.008862072216460942,0.011854850368656833,,0.0011305822498586771,,,0.005427408412483116,0.0682637269450922,0.014457831325301068,,0.030578424035068955,0.036027580231760586,-2.0,,,0.0045610034207524686,0.016944520360754233,0.015825914935707307,,0.38646714378659736,inf,0.04913208000480513,-2.0,0.027272727272727445,0.025415444770283457,0.026785714285714284,0.017281644091545888,0.022426095820591265,0.0256455295977516,0.026143790849673203,,0.038659954005842496,,0.016374269005847812,0.030030030030030033,0.01945795691452393,,,,0.023512646954043544,,,0.01614763552479822,0.0020222446916076412,0.03341467993241964,0.03187250996015936,
0,2013-06-06,,0.04081632653061224,0.008053691275167786,0.007249744400037189,0.015638575152041676,,0.009158233930691415,,,0.004062288422477958,0.0682637269450922,0.0036407766990290916,,0.008742714404662818,0.03794799718903725,0.013627691469065142,,,0.010410641989589343,0.01984446232233829,0.015282228247473472,,0.38646714378659736,inf,0.017452006980802792,0.00756458747355604,0.01000384763370514,0.02251407129455912,0.003939592908732789,0.005493849277439315,0.030456852791878174,0.022727272727272728,0.025332900292302736,,0.038659954005842496,,0.009345794392523374,0.024955436720142495,0.047781569965870255,,,,0.008077260755048127,,,0.0046296296296295305,0.005115089514066569,0.018529022499527394,0.03146783509261106,
0,2013-06-07,,0.11882845188284515,0.009306305824463866,0.013195098963242145,0.00725163161711385,,0.003293770231131782,,,0.0084530853761623,0.0682637269450922,0.008449004224502147,,0.011452368558042627,0.03255384177979956,0.003992015968063888,inf,,0.023174971031286337,0.018056293149229945,0.018513885414060488,,0.38646714378659736,inf,0.03898122683247645,0.01623541349568748,0.018320610687022728,0.027397260273972508,0.05863741826618859,0.004470062345606513,0.02816901408450701,0.017094017094017096,0.0032310177705977385,,0.03034010276486425,,0.007050528789659075,0.027429934406678645,0.027397260273972626,,,,0.015395381385584245,,,0.03203661327231118,0.02166064981949467,0.024681982153028234,0.04780876494023904,
0,2013-06-10,,0.11404728789986095,0.031980319803197974,0.021565346718720887,0.013460459899046465,,0.007451733092469258,,,0.0,0.06916545868709885,0.02187407626367123,,0.05634694523583416,0.014512152166255723,0.020792357403765158,inf,,0.0103507763082231,0.023740437879187514,0.0215956808638272,,0.38541666666666663,0.05389657683903862,0.05917159763313609,0.013932868904369781,0.015220700152207,0.023787740164684337,0.04318936877076414,-2.0,0.03960792158431681,0.017094017094017096,0.00910273081924581,,0.07258310460506257,,0.011587485515643066,0.04313280363223619,0.01537386443046825,,,,0.018575851393188816,,,inf,0.02061855670103104,0.02141649445801241,0.030546623794212194,
0,2013-06-11,,0.12290502793296086,0.01880471198530216,0.0074005550416280964,0.007098007098007044,,0.0016216842349125187,,,0.004243512322506973,0.040016333197223405,0.003496503496503463,,0.01475451539048591,0.028169014084507043,0.016251050714485803,inf,,0.012352610892757012,0.021220159151193744,0.015961208202848753,,0.38646714378659736,0.0516551473263004,0.0034383954154729095,0.019201616978271805,0.01733886166603853,0.02357207615593833,0.012526096033402923,0.009237875288683571,0.022235225277940324,0.02087912087912094,0.0029254022428084974,,0.04229607250755287,,0.011534025374855988,0.026755852842809392,0.014184397163120517,,,,0.012105766167569327,,,0.019747531558555163,0.02061855670103104,0.011577964519140943,0.030546623794212194,
0,2013-06-12,,0.05438066465256789,0.02065026362038675,0.01152202192900943,0.006034009873834308,,0.005082592121982184,,,0.00333889816360601,0.020618556701030927,0.017699115044247787,,0.00956937799043065,0.028169014084507043,0.015686274509803786,inf,,0.01117318435754186,0.031483870967741905,0.015359741309620006,,0.3790849673202614,inf,0.007434944237918281,0.006325110689437066,0.04311267390307282,0.03389830508474583,0.026221692491060766,0.013921113689095162,0.04934021801491678,0.012215435868961625,0.012333657903278193,,0.016627078384798166,,0.011481056257175618,0.010928961748633843,0.02392681210415212,,,,0.009478672985781991,,,0.012422360248447204,0.008456659619450324,0.024645257654966397,0.010960016237061046,
0,2013-06-13,,0.09890741805635415,0.022914706370731248,0.019072550486163107,0.011535292502059726,,0.0054757015742641505,,,0.0013201320132012451,0.040016333197223405,0.013637711236288238,,0.02480384712730957,0.019498607242339833,0.0,inf,,0.012684989429175392,0.013814274750575572,0.007250129466597646,,0.3790849673202614,0.07964601769911506,0.010221465076661053,0.008042382076977208,0.020540129326740337,0.054054054054054015,0.0147229755908563,0.00804135554279153,0.019589724635002814,0.022358294477838266,0.009073233959818572,,0.016507333293747407,,0.009132420091324207,0.01647446457990119,0.023578363384188616,,,,0.014992503748125937,,,0.0312765183658625,0.004219409282700331,0.014722975590856217,0.04641775983854692,
0,2013-06-14,,0.053830227743271224,0.015939453013015314,0.01493524907836278,-2.0,,0.005791834648799072,,,0.011873350923482925,0.06876553438276717,0.014947683109118086,,0.010050251256281407,0.026602857343936942,0.012010294538175629,inf,,0.008547008547008555,0.026418026418026316,0.020839911588253913,,0.3790849673202614,inf,0.010983411651474822,0.007662835249042073,0.018975332068311195,0.025179856115107854,0.015503875968992248,0.01376146788990829,0.06891329042029536,0.024124066628374432,0.005809509249350183,,0.010657193605683903,,0.009259259259259267,0.020982882385422365,0.013199027440083328,,,,0.02370100273473112,,,0.021235521235521297,0.009518773135906912,0.007083825265643436,0.04008908685968822,
0,2013-06-17,,0.04777351813624293,0.011161244360009473,0.005309063329541166,0.003251151449471619,,0.011855905152758752,,,0.0038860103626942645,0.06916545868709885,0.010657193605683903,,0.02480384712730957,0.007634667043687262,0.010180995475113107,,,0.011646373742720956,0.028608582574772466,0.022210470650449437,,0.2331288343558282,inf,0.01897996559187533,0.012804097311139566,0.03688462124676097,0.028725314183123903,0.007722007722007722,0.01932367149758462,0.04567577686259824,0.04533833304925851,0.014011574779165467,,0.04319836351603397,,0.004672897196261791,0.022148394241417613,0.020905923344947785,,,,0.014652014652014685,,,0.023620149433598386,0.009518773135906912,0.011442099033339877,0.03392444101773328,
0,2013-06-18,,0.04777351813624293,0.02190960790182578,0.013782686679882881,0.005249343832020935,,0.01550741163055862,,,0.006220330659682361,0.061941384327582644,0.015559545182525399,,0.05435053602592872,0.023851527767976853,0.009661835748792166,inf,,0.0073800738007380375,0.03310915675116384,0.016558561409059678,,0.2331288343558282,inf,0.053952251703318056,0.012738853503184714,0.006735037501913328,0.01467889908256882,0.020780239168790366,0.006872852233676911,0.07802093244529024,0.03051472642932995,0.012731130645650164,,0.04319836351603397,,0.01145475372279492,0.0345403899721449,0.010507880910683038,,,,0.030543677458766037,,,0.057001239157372915,0.009518773135906912,0.005934718100890292,0.027688223022947135,
0,2013-06-19,,0.03479799469183131,0.012357192818838916,0.013964313421256766,0.005832523260658267,,0.005153753650575503,,,0.008233163181294254,0.061941384327582644,inf,,0.039603960396039604,0.021052631578947368,0.005103487383045073,inf,,0.012752391073326354,0.017495626093476702,0.015915119363395226,,0.2331288343558282,inf,0.0603986087340584,0.013807080879092904,0.01805903331056981,0.016528925619834683,0.054523903595416874,0.008368200836820026,0.06392694063926939,0.013778484366719631,0.008423586040914595,,0.04319836351603397,,0.006936416184971157,0.0345403899721449,0.009810791871058204,,,,0.029226272881095215,,,0.019216555801921508,0.008456659619450324,0.03686274509803913,0.016217235527060198,
0,2013-06-20,,0.0558002936857562,0.02753614839564492,-0.0005998200539838275,0.0044345898004433644,,0.013729977116704805,,,0.003527336860670194,0.0805369127516778,0.007993605115907274,,0.03128153380423823,0.016830294530154277,0.010671159786576677,inf,,0.0,0.015113350125944619,0.0033620508510191992,,0.2331288343558282,inf,0.024219247928616964,0.011329641652345497,0.021907804655408453,0.028828828828828857,0.014916347510582613,0.015748031496062895,0.02464454976303312,0.021169086750704696,0.015805471124620198,,0.011666666666666544,,0.0023174971031287776,0.026607538802660778,0.016123378899404166,,,,0.007934086054318043,,,0.019216555801921508,0.01998947922146234,0.02278978388998029,0.017712455247785898,
0,2013-06-21,,0.0558002936857562,inf,-2.0,0.02037845705967985,,-2.0,,,0.006559907389542693,0.07973143096936634,0.010484927916120539,,0.02380349455558378,0.02575107296137339,0.011867759254026609,inf,,0.036926742108397914,0.04632426988922466,-2.0,,0.2331288343558282,inf,0.03648068669527903,0.03191142950179098,0.013825608798114728,0.010909090909091,0.08835341365461848,-2.0,0.009046362608367825,0.008931032581729843,0.005365314817737063,,0.02374385417915805,,0.012738853503184782,0.026512968299711656,0.0229062276306371,,,,0.03442879499217527,,,0.06572769953051652,0.01998947922146234,0.02252816020025028,0.034098485570054245,
0,2013-06-24,,0.05873448380260362,0.08730810537620819,0.049837486457204705,0.018327272727272595,,0.020730503455083853,,,0.003246753246753293,inf,0.028018679119412866,,0.07584415584415596,0.036101083032490974,0.029245001492091815,inf,,0.04866743916570104,0.005271481286241322,0.05179744878237338,,inf,inf,0.04490127130105497,0.03394625176803402,0.05568445475638053,0.04496578690127085,0.04789430222956233,0.05607476635514016,0.04250341197114446,0.0111731843575419,0.008376288659793705,,0.024691358024691357,,0.019512195121951237,0.0437610881135424,0.0560203710440161,,,,0.028526148969889066,,,0.025906735751295335,0.014767932489451536,0.021035265003093488,0.031661262635895526,
0,2013-06-25,,0.09230769230769231,0.02564102564102564,0.024443474465299094,0.014754809778677797,,0.02141011443337022,,,0.007355946056395517,0.10526315789473686,0.026351351351351197,,0.004219409282700482,0.0400518657253998,0.010778443113772438,inf,,0.02555168408826953,0.042845807987304876,0.0285745929781814,,0.7786259541984732,inf,0.07123287671232877,0.020660261504009344,0.04245283018867929,0.04784688995215311,0.07958408318336335,0.01729106628242075,0.059903381642511966,0.022360806786898082,0.019221371558885737,,0.023845918679303,,0.016766467065868332,0.04309842748980771,0.01911764705882351,,,,0.03442879499217527,,,0.04615384615384608,0.009518773135906912,0.025367425005033178,0.001140034201026074,
0,2013-06-26,,0.028518288902665785,0.031194068013295804,0.013986013986013957,0.015547703180211933,,-2.0,,,0.007718870607353264,0.05726405090137858,0.02192612582222972,,0.04535358231313602,0.028691493986378786,0.004923076923076818,inf,,0.0055401662049862285,0.02040282500653921,0.03163853764351087,,0.775822494261668,0.08,0.05201992252351968,0.009132420091324114,0.025689819219790633,0.03228869895536561,0.07584830339321358,0.027649769585253524,0.04721435316336166,0.016942407186309568,0.017800381436744964,,0.03064803987937713,,0.03592814371257494,0.026979472140762514,-2.0,,,,0.030959752321981424,,,0.008557764913163762,0.004219409282700331,0.017981201471189263,0.020333780932284717,
0,2013-06-27,,0.05471124620060782,0.06942364050797784,0.021332172398780953,0.024882024882024806,,0.0195947179455973,,,-0.004106776180698152,0.05726405090137858,0.02586793737236223,,0.04054054054054053,0.021660649819494584,0.012422360248447159,inf,,0.012121212121212255,0.040169133192389087,0.0244019393681069,,0.775822494261668,0.08,0.05718077752585304,0.011417697431018059,0.04400283889283178,0.015238095238095252,0.040160642570281124,0.03309036214277449,0.05024371953505811,0.012709416522241414,0.011972172787574792,,0.02456941786530026,,0.002344665885111322,0.043010752688172185,0.02857142857142863,,,,0.015408320493066256,,,0.08376963350785328,0.004219409282700331,0.05543192393283421,0.019573978123201007,
0,2013-06-28,,0.060018187329493704,0.01916521962827185,0.024523160762942742,0.0193557706196736,,0.02555750438486592,,,0.008382229673093043,0.05726405090137858,0.02852173913043494,,0.09624649266769009,0.09919711863134989,0.019801980198019743,inf,,0.04661487236403994,0.05209994683678896,0.03835133348027335,,0.7250996015936255,0.08,0.013120687705010707,0.015721969383533235,0.012867497353204645,0.025615763546798013,0.03568532035685325,0.01636582430806257,0.1276595744680851,0.06606606606606606,0.019471488178024916,,0.03194888178913738,,0.014527845036319733,0.014851485148514974,0.03939745075318654,,,,0.018518518518518517,,,0.027151639344262353,0.009518773135906912,0.0358306188925081,0.07465618860510806,
0,2013-07-01,,0.08905852417302812,0.046187915216703464,0.03380957574435592,0.025604551920341348,,0.008087244210268378,,,0.014090343970161647,0.06613645876935961,0.02904424181019914,,0.0503546483296335,0.07107352177461236,0.0343007915567282,,,0.03063457330415748,0.052927024859663115,0.04259967231021306,,0.7250996015936255,inf,0.0731640432183404,0.012071803715607168,0.045364735635817666,0.05944391179290518,0.041084634346754315,0.03132304815334276,0.04240736774469901,0.060941828254847646,0.06595783023968285,,0.05050952591936192,,0.023474178403755788,0.037082818294190335,0.030349013657056174,,,,0.020782396088019593,,,0.07621550591327197,0.0021074815595363092,0.016219588271989892,0.04201194835228359,
0,2013-07-02,,0.062166405023548005,0.012422360248447204,0.015151515151515279,0.001730602826651349,,0.011407543698252014,,,0.005180314803745699,0.057500000000000044,0.01257861635220122,,0.019027484143763186,0.05204460966542751,0.012463102656608691,,,0.01423097974822102,0.10207745575788657,0.018842530282637954,,0.7250996015936255,0.08955223880597009,0.04515329489735436,0.016279770877298736,0.029793674818768493,0.03228869895536561,0.027306578402978877,0.02515575408487129,0.01843317972350236,0.022222222222222223,0.008873114463176575,,0.012298900552829305,,0.011614401858304257,0.02565668906536336,0.036499068901303555,,,,0.018072289156626505,,,0.03564970291914222,0.010582010582010545,0.03560466543891962,0.015209125475285171,
0,2013-07-03,,0.062166405023548005,0.03254797182414387,-2.0,0.008360962952284823,,0.012940330697339988,,,0.0062794348508634,0.057500000000000044,0.0060180541624875,,0.024675735526732082,0.04481183380465521,0.017994858611825152,,,0.02767017155506364,0.013557619884509143,inf,,0.7250996015936255,0.08799403430275911,0.010638297872340425,0.04186116548712545,0.028662420382165675,0.027027027027026966,0.07586763518966902,0.0036513007759013372,0.031479538300104935,0.022598870056497175,0.00567778566359128,,0.03138304342537402,,0.004535147392290152,0.032866707242848396,0.04477611940298505,,,,0.01018879232843865,,,0.03818369453044367,0.010582010582010545,0.03597710547833193,0.01838235294117647,
0,2013-07-04,,0.16527777777777772,0.015728977616454896,0.007341373885684351,0.005899705014749347,,0.020490826781034126,,,0.0071174377224199736,0.04978038067349929,0.0085426277122843,,0.03426124197002144,0.04130452117056051,0.013676326929339032,,,0.030050083472454043,0.06030150753768841,0.016769144773616546,,0.7250996015936255,0.06130268199233708,0.009093340465365163,0.025055268975681694,0.023667699150186673,0.024691358024691336,0.039028275587415416,0.01222901612006664,0.0412414080399916,0.018598321614878663,0.007760141093474587,,0.06705643717933427,,0.011481056257175618,0.016928657799274556,0.04981684981684979,,,,0.005687771291722728,,,0.010309278350515427,0.003162888771744793,0.03505911129229512,0.028529626920263396,
0,2013-07-05,,0.05121798875702698,0.034922361186635255,0.01319233588105963,0.010954165465552107,,0.013959981386691484,,,0.000769526741054208,0.04978038067349929,0.010966415352981457,,0.01923587863329616,0.04130452117056051,0.005785920925747339,inf,,0.03314917127071811,0.030303030303030373,0.03208317030909401,,0.7250996015936255,0.06130268199233708,0.04245859731021444,0.011713470491064741,0.025115243999364257,0.022770398481973455,0.049639711769415555,-0.0006754474839581479,0.04839968774394998,0.006140300063720109,0.01011804384485666,,0.040332147093713,,0.0046511627906975755,0.02145411203814061,0.029304029304029332,,,,0.004181600955794436,,,0.015345268542199527,0.028081123244929753,0.0574201374848363,0.016134946828016052,
0,2013-07-08,,0.04590570719602969,0.013922813873961904,0.014737754659731246,0.006096675860066592,,0.013883986351335397,,,0.006379585326953725,0.04978038067349929,0.009062391077030206,,0.05713666178782469,0.04130452117056051,0.01560468140442134,,,0.010989010989010948,0.044622712459263005,0.02760718913741622,,0.7250996015936255,0.06130268199233708,0.0647995606809446,0.009216589861751284,0.0308422301304864,0.011472275334607955,0.028391167192428977,0.01581027667984189,0.0392156862745098,-2.0,0.016238159675236844,,0.044317369549678326,,0.013986013986014102,0.026168224299065526,0.008121077888519707,,,,0.006006006006006006,,,0.015091443918659762,0.017059708981435016,0.0395920815836832,0.02915667097250407,
0,2013-07-09,,0.03853325046612798,0.021638330757341576,-2.0,0.01148765077541659,,-2.0,,,-2.0,0.08759721653704464,0.011259676284306784,,0.037239403745159466,0.011661807580174927,-2.0,inf,,0.014309301045679776,0.02980550644102045,0.028495804471476052,,0.7250996015936255,0.06130268199233708,0.02774218706478742,0.010672028458742521,0.0308422301304864,0.023255813953488393,0.037825059101654936,0.018691588785046828,0.04839968774394998,0.013852511495256362,0.0033613445378151263,,0.014684287812041116,,0.009433962264150952,0.012674271229404377,0.02474690663667042,,,,0.020103563813585204,,,0.012288786482334788,0.015825914935707234,0.03514376996805108,0.01779979814661883,
0,2013-07-10,,0.05176177112566262,0.047440699126092355,0.01092896174863388,0.009375915616759458,,0.009430020889286888,,,inf,0.09150326797385623,0.02317703690497415,,0.024588855181222932,0.04038893044128646,0.011042097998619747,,,0.022271714922048918,0.017272965192357933,0.014664410603496865,,0.7250996015936255,0.06130268199233708,0.05105825878245698,0.02133078637376637,0.02683504340962909,0.023255813953488393,0.04628501827040197,0.018691588785046828,0.04783950617283944,0.0373831775700935,0.004424025863535856,,0.029154518950437316,,0.011778563015312092,0.0363636363636364,0.030075187969924838,,,,0.015267175572519083,,,0.015424164524421628,inf,0.02429149797570856,0.014520724198143512,
0,2013-07-11,,0.046801872074882886,0.04597701149425278,0.008332443115051822,0.005730659025788047,,0.01068122478044149,,,0.00044081992506058766,0.06702523789822101,0.010085202573465405,,0.014850449696716185,0.08323787705231005,0.0067249495628782545,,,0.016528925619834753,0.07070707070707064,0.013755158184319119,,0.7250996015936255,0.06130268199233708,0.05624762008377308,0.016222479721900305,0.010387534958050317,0.01151631477927073,0.02004008016032064,0.012264365205541656,0.04784688995215311,0.03481715153639448,0.0017226528854435831,,0.062482086557752975,,0.01873536299765789,0.032298136645962705,0.027027027027026983,,,,0.024378953865144198,,,0.028567684445026952,0.0205294435440302,0.0284552845528455,0.010241404535479193,
0,2013-07-12,,0.04619225967540576,0.017419637821918677,0.007341373885684351,0.009978617248752713,,0.01190059502975154,,,-2.0,0.027722772277227723,0.015902554559296192,,0.02458929517753055,0.02825278810408922,0.002670226969292333,,,0.019334049409237348,0.0850546780072904,0.02414928649835349,,0.7250996015936255,0.06130268199233708,0.060638583310974034,0.006088280060882887,0.03550295857988166,0.021338506304558746,0.05397412199630323,0.013259916844589196,0.04747320061255737,0.022857142857142857,0.009620169182285544,,0.020676166526962934,,0.009259259259259267,-2.0,0.03120356612184249,,,,0.035873064540855405,,,0.0225593154414624,0.023681377825619018,0.014691284494738971,0.014314553129014414,
0,2013-07-15,,0.07731305449936632,0.005640864932623038,0.01632062803429396,0.004181184668989706,,0.011481056257175661,,,0.00881797186647069,0.09150326797385623,0.024288803859590792,,0.012658227848101295,0.04127524225164583,0.00275482093663906,,,0.01720430107526883,0.0014107688690336768,0.02139899994623361,,0.7250996015936255,0.06130268199233708,0.016683279995802835,0.013382899628252872,0.0198912198912198,0.03468208092485561,0.01855287569573284,0.020828717039663304,0.04057971014492743,0.013346906458545492,inf,,0.14688594668408245,,0.009195402298850583,-2.0,0.023255813953488393,,,,0.010486891385767791,,,0.04379562043795614,inf,0.07764705882352929,0.02513203423784366,
0,2013-07-16,,0.07120152574698024,0.027327613600254284,0.009927611168562646,0.006924248719013987,,0.0034662045060658577,,,0.004158004158004158,0.06382096974720267,0.00910273081924581,,0.024691358024691395,0.02582073035780155,0.01388888888888884,,,0.013955984970477807,0.01904761904761898,0.014925373134328419,,0.7250996015936255,0.02027788208787079,0.012930354796320523,0.01201201201201197,0.0198912198912198,0.019083969465648786,0.01855287569573284,0.0017841213202498972,0.03827566209162955,0.0169971671388102,0.0033277870216306157,,0.015607580824972192,,0.011560693641618458,0.025751072961373273,0.014492753623188482,,,,0.006042296072507553,,,0.004711425206124752,inf,0.02892960462873674,inf,
0,2013-07-17,,0.10124917817225515,0.02945148221979302,0.005986169883373026,0.009643201542912285,,0.010820766662829488,,,-2.0,0.05318491032776749,0.025382362512203098,,0.021019442984760904,0.022304832713754646,0.00892550635084111,,,0.01854882705946535,0.01904761904761898,0.018383924754168435,,0.7250996015936255,0.024840045163718485,0.013648293963254713,0.001525553012967114,0.03530953665870016,0.033898305084745874,0.060282334986646355,0.02599691562018065,0.03979138497199141,0.021620364988957332,0.0023068050749711273,,0.005490503669673313,,0.011614401858304257,0.0159216166564606,0.034807831762146385,,,,0.012692656391659079,,,0.016336056009334955,inf,0.034044218352572785,0.015638575152041704,
0,2013-07-18,,0.10124917817225515,0.026011184809468072,0.009888751545117511,0.011049723756906037,,0.008733624454148497,,,0.008733624454148471,0.05318491032776749,0.016571064372211567,,0.024735166727547928,0.03428571428571429,0.005312084993359899,,,0.013100436681222816,0.025221858944418456,0.02515331046668747,,0.7250996015936255,0.020369671821954084,0.04891245536197377,-2.0,0.03133358807795181,0.036697247706422055,0.05657492354740065,0.01645639056500274,0.021463414634146232,0.023640119348175375,0.008965631744977548,,0.08092485549132948,,0.011614401858304257,0.036838978015448665,0.02628774422735341,,,,0.02046959662853706,,,0.030480656506447764,inf,0.034044218352572785,0.017271157167530225,
0,2013-07-19,,0.07816968541468079,0.015116661189615585,0.010880515817046126,0.006303960531725476,,0.004789439869166547,,,0.008888888888888889,0.05318491032776749,0.0061300209711243015,,0.0213325088885453,0.005325218714340053,0.013333333333333286,,,0.02701242571582928,0.04666204666204657,0.025227460711331657,,0.7250996015936255,0.020369671821954084,0.03762600398900323,0.014705882352941298,0.014654251259349623,0.01776198934280633,0.0111731843575419,0.008516213560432374,0.04057971014492743,0.005273415109480612,0.0016641704110500915,,0.03389830508474576,,0.009456264775413718,0.046959662853702656,inf,,,,0.01201716738197438,,,0.030956848030018767,0.06881720430107513,0.03723300019596313,0.024518388791593695,
0,2013-07-22,,0.0689655172413793,0.014579191517561223,0.012866333095067958,0.016719199671097695,,0.017391304347826087,,,0.019332161687170498,0.06975269499048826,0.015827793605571384,,0.015503875968992248,0.029841702643338634,0.012578616352201224,,,0.016684045881126187,0.006383948928408599,0.03913273400317295,,0.7250996015936255,0.04633204633204631,0.026525198938992044,0.014964116659031973,0.018086480735618173,0.05045045045045049,0.021237641889417836,0.009232798417234594,0.040201005025125594,0.017094017094017096,0.002717391304347865,,0.06976744186046512,,0.011806375442739039,0.027828191167574158,0.03921568627450985,,,,0.011205286596753274,,,0.03325415676959617,0.029331884845192783,0.026310622422933506,0.0285204991087344,
0,2013-07-23,,0.008418520745640444,0.0217606330365975,0.01279317697228148,0.015803814713896604,,0.017987442728661096,,,0.003454231433506094,0.06852791878172584,0.008760951188986267,,0.024691358024691416,0.015879017013232515,0.013377926421404755,inf,,0.009528851244044453,0.03515263644773366,0.019356526288255238,,0.7250996015936255,0.04633204633204631,0.005144086924570835,0.010639118032534079,0.01219512195121947,0.03038427167113493,0.014598540145985401,0.005939753924480296,0.03754596477646599,0.03214695752009182,0.0047505938242279515,,0.012422360248447142,,0.009501187648456064,-2.0,0.02158273381294969,,,,0.004259548487860287,,,0.032085561497326234,0.023835319609967567,0.026310622422933506,0.011879804332634442,
0,2013-07-24,,0.0586166471277843,0.011158516573678954,inf,0.009231604670105985,,0.011048490597622876,,,0.01284796573875803,0.06852791878172584,0.01308818946712368,,0.020618556701030927,0.014705882352941176,0.015267175572519113,inf,,0.009399477806788497,0.055045871559633,0.01778105108106684,,0.7250996015936255,0.027290448343079896,0.028465998945703775,0.009438270665245921,0.00227531285551772,0.01952085181898852,0.007326007326007326,0.008095440988496008,0.030864197530864224,0.010971428571428663,0.006485748421232214,,0.0696552125123553,,0.011947431302269967,0.00854179377669314,0.014994644769725033,,,,0.004198740377886634,,,0.03442136498516327,0.020507285483000483,0.03029706866024,0.015693112467306015,
0,2013-07-25,,0.048895434462444876,0.011672896583382523,0.005237887385421101,-2.0,,0.0031197771587743225,,,0.011874469889736993,0.061101549053356234,0.021104903786468066,,0.02009791290904409,0.014705882352941176,0.013245033112582735,inf,,0.015665796344647556,-0.0022246941045606546,0.028460543337645538,,0.7250996015936255,0.047086067155538355,0.013577023498694636,0.003780718336483932,0.012668854460810692,0.031578947368421005,0.02827111272200077,-2.0,0.03351955307262574,0.011201280146302478,0.006101694915254083,,0.0696552125123553,,0.009345794392523374,0.018393623543838177,0.014134275618374508,,,,0.0273972602739726,,,0.04755944931163951,0.018368449486763905,0.015303119482048287,0.038454753924854396,
0,2013-07-26,,0.0465939250958421,0.03377012843079718,0.003784927084492969,0.010113434467678133,,0.0111731843575419,,,0.010853049706967658,0.04708904109589041,0.015286226797691396,,0.02009791290904409,0.03648618946442963,0.01530782029950086,inf,,0.01563314226159462,0.01688341318731467,0.020420921025213524,,0.7250996015936255,0.03418803418803415,0.005194805194805195,0.010164605931881997,0.010672028458742521,0.01680672268907557,0.019515720997470103,0.010709212107966387,0.03728618104939454,0.018700166351173175,0.009808895653644628,,0.01482823023374274,,0.016260162601626084,0.011228945726762413,0.02142857142857148,,,,0.019151846785225718,,,0.045112781954887146,0.03040173724212805,0.019249656256138222,0.027464788732394205,
0,2013-07-29,,0.054625550660792936,0.022609945762268702,0.00930232558139548,0.015099519560741367,,0.006465997770345545,,,0.00534759358288765,0.042716787697565144,0.024367385192127493,,0.018367346938775626,0.02214022140221402,0.005998000666444509,,,0.009160305343511437,0.011701380762930027,0.007132368365848614,,0.7250996015936255,0.09056603773584901,0.004676539360872984,inf,0.015350027133886267,0.03384094754653133,0.02877697841726619,0.009730207872622684,0.012456208641494755,0.010410641989589424,0.004049949375632767,,0.06752037252619321,,0.009367681498829048,0.011242973141786475,0.008676789587852566,,,,0.011354420113544171,,,0.01980198019801988,0.05358119190814655,0.011482874678281496,0.01896067415730329,
0,2013-07-30,,0.09295352323838074,0.010582010582010545,0.018150488225157933,0.005500550055005579,,0.0015817421760252824,,,0.0017628911414720393,0.042716787697565144,0.024367385192127493,,0.018367346938775626,0.01804402742692169,0.01054713249835202,,,0.0037488284910964526,0.02171402171402166,0.020833333333333332,,0.7250996015936255,0.039065492148602055,0.004676539360872984,0.015984955336154148,0.014457090126115008,0.014863748967795187,0.023909985935302434,0.006795016987542405,0.030115830115830026,0.009263657957244669,0.006666666666666667,,0.013574660633484194,,0.009345794392523374,0.03622735790131168,0.02857142857142847,,,,0.002176278563656179,,,0.030802196330520927,0.038567493112947625,0.03789802695839027,0.02097902097902098,
0,2013-07-31,,0.0516129032258064,0.017008372338321472,0.01334560515416471,0.009335529928610746,,0.009894310771306447,,,0.007601162530739945,0.07237269772481035,0.015970515970515936,,0.018367346938775626,0.0071174377224199285,0.01118053271950016,,,0.011204481792717012,0.030480656506447764,0.007010934965730149,,0.7250996015936255,0.039065492148602055,0.025728537673930196,0.014201914171040471,0.01152516327314637,0.014742014742014864,0.052300562727573684,0.006718924972004416,0.022428460943542085,0.021157142012883476,0.029569892473118316,,0.06943071465953363,,0.020857473928157764,0.0185758513931889,0.022214260121820043,,,,0.005509641873278237,,,0.028425851434701055,0.038567493112947625,0.009718172983479106,0.017275979408428545,
0,2013-08-01,,0.0747609388583019,0.01024967148488832,-0.009719972228650814,0.0,,0.015584415584415484,,,0.01610017889087654,0.043153172399060004,0.004889975550122319,,0.016567566194033743,0.030914555603263203,0.010526315789473694,,,0.005591798695247017,0.015073009891662754,0.02031779109143009,,0.7762906309751434,0.039065492148602055,0.008342022940563057,0.016528925619834624,0.012001846437913544,0.03215434083601289,0.015630309208290935,0.018223734767812017,0.013969732246798582,0.025218914185639353,0.001686056314280897,,0.06943071465953363,,0.0022753128555177875,0.019975031210986285,-2.0,,,,0.02865329512893983,,,0.024943006571007103,0.04931506849315061,0.03389830508474582,0.017275979408428545,
0,2013-08-02,,0.06561085972850679,0.016393442622950703,0.019283746556473743,0.0023606557377050075,,0.00853298326222509,,,0.007933010136624114,0.0714749837556855,0.009077155824508321,,0.04519148507875794,0.03821656050955414,0.00584225900681596,inf,,-0.009756097560975749,0.009411764705882487,0.034595136625720765,,0.05232558139534876,0.039065492148602055,0.02728226652675755,0.010841740701701534,0.008910738976801325,-0.001614205004035478,0.05678670360110795,0.0032804811372334304,0.016715257531584052,0.011350474866805698,0.006557377049180328,,0.009826622239792224,,-2.0,0.017241379310344678,0.013723365836041857,,,,0.019230769230769263,,,0.048405685747214766,0.052459016393442665,-2.0,0.028169014084507043,
0,2013-08-05,,0.07323943661971814,0.008233679670652755,0.007816862088218903,0.007980435062427656,,0.007973278741514898,,,0.0021326508850501172,0.07063921993499463,-2.0,,0.019801980198019802,0.05213969503197245,0.009490667510281579,,,0.01732435033686234,0.014519056261343026,0.07655502392344497,,0.03647416413373869,0.052491441612780486,0.030382399161864908,0.01654829025408209,-2.0,0.03273577552611068,0.044046799724707535,0.021304347826087044,0.024777390631049053,0.010055993600731457,0.008396827865028733,,0.0708890180127832,,0.017777777777777795,0.010669828097213972,0.024639211545230653,,,,0.013831258644536652,,,0.04062741064541009,0.04798255179934583,0.021272158498435934,0.035211267605633804,
0,2013-08-06,,0.07323943661971814,0.01518324607329857,0.012215435868961625,0.006198347107438068,,0.013071895424836602,,,0.008488964346349746,0.07063921993499463,0.01653886633588934,,0.013310327828444608,0.016649746192893403,0.006269592476489006,,,0.024142926122646062,0.011223344556677891,0.024407091871977947,,0.10196078431372549,0.07807807807807801,0.020420921025213524,0.010966212211025415,0.014388489208633136,0.03426791277258577,0.033349522421887684,0.00912448403215298,0.020475178674908157,0.00431671021242753,0.021210230817217752,,0.012422360248447142,,0.013245033112582696,0.03843913803145021,0.021201413427561887,,,,0.021766083482573296,,,0.04615384615384608,0.04691762138570666,0.0445177246496291,0.017409841890211324,
0,2013-08-07,,0.06232294617563728,0.02498512790005949,0.02024746906636667,0.003213711837171865,,0.010376421238547274,,,0.00992020703040764,0.07063921993499463,0.015360983102918587,,0.012763868433971499,0.019930852145617246,0.0037902716361338422,,,0.008608321377331406,0.010776829815895913,0.01485741672657558,,0.05363984674329502,0.07807807807807801,0.013520540821632836,0.01418439716312061,0.014527845036319733,0.03426791277258577,0.025806451612903226,0.012824692968155556,0.005370157268891468,0.0160197165742453,0.0018903591682418587,,0.012422360248447142,,0.019715224534501807,0.02115158636897764,0.015363128491620031,,,,0.002147074610842757,,,0.0631686194600101,0.01662049861495849,0.00986842105263166,0.034807831762146565,
0,2013-08-08,,0.01835853131749459,0.022051453391246315,0.008130974618173772,0.006359300476947589,,0.00783534734867298,,,0.0043421623968736426,0.07063921993499463,0.014086617713172453,,0.019930475086906194,0.03367003367003367,0.0146824130226619,inf,,0.009551098376313244,0.024971623155505142,0.04316546762589928,,0.08560311284046693,0.07807807807807801,0.015171983788839176,0.015700934579439423,0.0007366482504605726,0.040688575899843475,0.004820825968182549,0.012002182214948264,0.01683816651075769,0.03516249334043684,0.0015691197238349287,,0.012422360248447142,,0.008752735229759306,0.02231356429829706,0.019525801952580274,,,,0.010416666666666666,,,0.08673790069138913,0.015503875968992113,0.0444444444444445,0.02697776157491789,
0,2013-08-09,,0.05017534394388992,0.021376085504342134,0.01179554390563563,0.013037809647979138,,0.012744451768842037,,,0.0041928721174004195,0.07063921993499463,0.0226055919095777,,0.021214172872940723,0.04803073967339097,0.015306122448979605,inf,,0.009478672985781957,0.01280878316559932,0.020937642239417364,,0.0368098159509202,0.049523809523809414,0.03100125680770836,0.010361138223590326,0.01830831197363603,0.029434546862896902,0.006090719666613166,0.019889502762431066,0.05128205128205123,0.004504504504504569,0.011056327506349885,,0.02247191011235955,,0.021645021645021568,0.018518518518518535,0.007620367163145094,,,,0.019801980198019802,,,0.03858755005460511,0.01662049861495849,0.0196078431372549,0.021621621621621623,
0,2013-08-12,,0.0472440944881889,0.009537632179141583,0.01651073197578426,-0.002304442452951054,,0.009807702903741227,,,0.001986886548778065,0.07063921993499463,0.018757327080890906,,0.01667042126605099,0.03070674748469278,0.007910349373764074,inf,,0.017932987258140586,0.0,0.015891032917139614,,0.09736157562244514,0.049523809523809414,0.020420921025213524,0.0007465472191115664,0.016129032258064432,0.012195121951219523,0.07535515750463241,0.026286966046002253,0.045538009548292395,0.016614150673159585,0.031182949506508302,,0.08817747823645053,,0.0108813928182807,0.019687319050376365,0.019257221458046724,,,,0.00718562874251497,,,0.033492822966507144,0.01662049861495849,0.02926829268292683,0.037702135263110906,
0,2013-08-13,,0.07253886010362687,0.01470588235294121,0.010165745856353454,0.009014810045074087,,0.004735256134309058,,,0.0066109274742367835,0.042316734344945525,0.003951453570420483,,0.023508137432188145,0.036585365853658534,0.020997375328084007,inf,,0.009389671361502315,0.029330889092575644,0.011368605159597702,,0.09736157562244514,0.049523809523809414,0.01980198019801986,0.021589793915603422,0.0058565153733529385,0.010678871090770448,0.04878048780487805,0.017429193899782074,0.021083242457288327,0.022727272727272728,0.006896551724137866,,0.005420054200542005,,0.011025358324145496,0.002336448598130791,0.017918676774638164,,,,0.01943683030152009,,,0.04372623574144495,0.05368360936607661,0.026594719599151963,0.023402340234023402,
0,2013-08-14,,0.174496644295302,0.009511337790337,0.010652463382157053,0.012903225806451613,,0.00660208885762219,,,0.003929273084479371,0.07063921993499463,0.008486562942008486,,0.00970445522717255,0.029748553889741472,0.01615508885298869,inf,,0.012646793134598064,0.020072992700729982,0.010265183917878553,,0.0014174344436569002,0.049523809523809414,0.006364442589597783,0.0273972602739726,0.032011747430249524,0.06079027355623105,0.016726403823178086,0.01521408389480554,0.04066942594925329,0.014500836586726124,0.002349486049926445,,0.021505376344086023,,0.013129102844638864,0.011947431302269967,0.008943928448572343,,,,0.011958146487294498,,,0.03389830508474583,0.044343376918703874,0.014814814814814777,0.03506261180679769,
0,2013-08-16,,0.1566820276497696,0.019664072101597672,0.013215859030837034,0.006357279084551811,,0.012363084264179567,,,0.007583316703252866,0.07063921993499463,0.012767138495698093,,0.01422720413882295,0.03293687099725526,0.0057343102899012335,inf,,0.002651347768448905,0.021957913998170195,0.03319502074688797,,0.04555579507077677,0.049523809523809414,0.027935851008794647,0.018734416065772634,0.029411764705882353,0.05291005291005285,0.04564072557050913,0.014547823254804075,0.02460456942003512,0.024174053182917002,0.01447178002894356,,0.03641226085167653,,0.017241379310344845,0.009501187648456064,0.026315789473684237,,,,0.009361911800936219,,,0.04304828388598026,0.05649717514124294,0.005329272934906759,0.03558718861209965,
0,2013-08-19,,0.012422360248447204,0.012261580381471272,0.013098013098013173,0.006414368184733803,,0.014459911513974293,,,-2.0,0.06437675523871249,0.010659186535764248,,0.015082956259426846,0.02618099032441662,0.012738853503184782,inf,,0.00972160848431281,0.020351526364477398,0.028837998303647083,,0.04555579507077677,0.049523809523809414,0.022308690012970228,0.016184336853655286,0.047302291204730264,0.06606606606606599,0.0071386079714455,0.01932472044294866,0.03703703703703698,0.017204301075268755,0.00469345849222636,,0.02889245585874803,,0.017353579175705004,0.014527845036319733,0.011254551473022173,,,,0.014254116490538244,,,0.011695906432748537,0.05649717514124294,0.009950248756218964,0.024955436720142603,
0,2013-08-20,,0.1521739130434783,0.009281054543008914,0.013392857142857175,0.01287001287001287,,0.0010756157900397977,,,0.008928571428571383,0.0795660036166365,0.022598870056497175,,0.009490940465918968,0.03543671655656186,0.017268947873361022,inf,,0.00724637681159421,0.033653846153846124,0.04863088718510415,,0.11682212079116223,0.06130268199233708,0.021619374285417298,0.011363636363636322,0.0040391951529659695,0.0776119402985074,0.024632021628116518,0.014076881429344854,0.0470829068577277,0.01935483870967754,0.010495626822157501,,0.04778156996587035,,0.0219780219780219,0.009950248756218916,-0.0019311232700354771,,,,0.023940149625935218,,,0.03274853801169604,0.05649717514124294,0.028582464271919735,0.015971606033717833,
0,2013-08-21,,0.1521739130434783,0.020777118186724314,0.012507106310403573,0.009374999999999986,,inf,,,0.012160518848804217,0.03272888102609467,0.01039861351819764,,0.018930222320052877,0.03586718960510164,0.0052287581699346445,inf,,0.018348623853210944,0.02457002457002457,0.048182216381953566,,0.11682212079116223,0.0334240186552662,0.011930585683297117,0.019631381964550533,0.052536231884058024,0.026509572901325437,0.061892130857648095,0.008514354328130129,0.046018871047839666,0.021621621621621623,0.02237396484091236,,0.040047114252061346,,-2.0,0.009014810045073972,0.030323005932762086,,,,0.02518891687657431,,,0.01744460160301749,0.06625491297024143,0.031007751937984527,0.041932871411859904,
0,2013-08-22,,0.04289980993755087,0.0023061792036899098,0.004535147392290314,0.012578616352201177,,0.006697315398149699,,,0.0,0.030035335689045987,0.010769902488720678,,-0.006854009595613434,0.047619047619047616,0.009819967266775802,inf,,0.008628127696290028,0.022656061701614792,0.06081974438078454,,0.11682212079116223,0.05981595092024535,0.01998379692141501,0.017679404190157944,0.027522935779816467,0.01322556943423951,0.03125000000000003,0.00971946101170764,0.04763479986768104,0.02301085723545612,0.011435273420319534,,0.06682577565632469,,0.01330376940133029,0.050032071840923745,0.015297638842700394,,,,0.003007518796992595,,,0.046740467404674,0.04469273743016764,0.03811746402178142,0.04169662113587356,
0,2013-08-23,,0.04993429697766094,0.006371585440249425,0.009561060408518141,0.004947272490561066,,0.013371537726838561,,,0.001560062402496233,0.02654867256637168,0.015638575152041638,,0.01710941017559663,0.03550716061072316,0.012836970474967862,inf,,0.018471872376154396,0.013806236610330834,0.034482758620689655,,0.11682212079116223,0.06130268199233708,0.01954397394136805,0.024965325936199684,0.010582010582010625,0.0602662929222144,0.025604551920341393,0.007282356835484901,0.04924805817220289,0.011381272633212711,0.008680555555555554,,0.057938177698656786,,0.013157894736842018,0.019169329073482472,0.02352941176470598,,,,0.020392937080328247,,,0.022905364677516644,0.050139275766016636,0.032377608738053516,0.07587583953530579,
0,2013-08-26,,0.04993429697766094,0.002695417789757451,0.011478072550081238,0.012490241998438824,,-2.0,,,0.005045604502231754,0.029242357111209545,0.02146794313896135,,0.01652154498772055,0.022902982038016623,0.007702182284980808,inf,,0.00663349917081261,0.021201413427561804,0.034482758620689655,,0.11682212079116223,0.017712745475548745,0.024930597136791754,0.006968641114982578,0.021714713590415616,0.014755197853789327,0.03371582377107233,0.007808142777467962,0.006208135925502295,0.019678275808214907,0.011205286596753274,,0.034668515654168224,,0.01124859392575924,0.021697511167836622,0.00202908353060542,,,,0.023171795191229628,,,0.026814832709264387,0.04785754034501945,0.02273618188945519,0.05130044843049311,
0,2013-08-27,,0.05504587155963306,0.00793064050003365,0.014821179250349,0.009898411044542732,,0.004469273743016759,,,0.005407493240633582,0.029242357111209545,0.011428571428571429,,0.012181367020076645,0.015427769985974754,0.008985879332477572,inf,,0.011049723756906143,0.01886792452830182,0.03363518758085386,,0.16216216216216217,0.0334240186552662,0.020963449736599218,0.0069755854509217004,0.03619909502262452,0.023562023562023554,0.030542986425339397,0.005152906911616374,0.019072673462676694,0.010471204188481676,0.02561117578579747,,0.02414928649835349,,0.004618937644341702,0.014239482200647292,-2.0,,,,0.011928429423459274,,,0.027444253859348136,0.04785754034501945,0.01762287056980626,0.03963963963963964,
0,2013-08-28,,0.07650273224043708,0.009950248756218836,0.015113350125944534,0.010822225155074664,,0.0045351473922902496,,,0.003992015968063872,0.02430939226519337,-2.0,,0.022227262417781838,0.023913501792006745,0.016795865633074922,inf,,0.0017528483786152123,0.03744963261436356,0.031042128603104215,,0.16216216216216217,0.0334240186552662,0.018468223791417736,0.021378547733136796,0.016628873771731043,0.08169014084507044,0.030697943816970816,0.011148272017837234,0.019072673462676694,0.0033566130691354257,0.004744958481613354,,0.02197802197802198,,0.01660735468564657,0.023653088042050015,0.009210060219624443,,,,0.014863332913465114,,,0.018217626784835104,0.04785754034501945,0.009078350108545507,0.028985507246376812,
0,2013-08-29,,0.1024258760107816,0.011912640635340909,0.02187988390265693,0.012896433741281799,,-2.0,,,0.006013229104028864,0.03464152598114451,0.0092458826928633,,0.0206378986866792,0.030531832544446323,0.006349206349206439,inf,,0.025466893039049143,0.02857142857142864,0.015718908922792443,,0.16216216216216217,0.022559315441462398,0.012081274025260784,0.030545454545454463,0.028062191884717397,0.05357142857142862,0.026554013277006676,0.008908685968819566,0.03756024596975233,0.02319160684704577,0.0058997050147492625,,0.013635124079629125,,0.014150943396226322,0.035271064663618616,0.025316455696202507,,,,0.02330293819655519,,,0.021183800623052817,0.04330927262631858,0.047808764940239015,0.06141625496464204,
0,2013-08-30,,0.1024258760107816,0.004690117252931247,0.02383579783712201,0.010264508487958958,,0.0022701475595913734,,,0.008064516129032258,0.03464152598114451,0.01136860515959766,,0.015409759514359148,0.02364502736663703,0.0030816640986132946,inf,,0.02180056519983848,0.02444987775061125,0.030374940673944025,,0.17687074829931973,0.08188021228203184,0.015790906615845392,0.013129102844639032,0.028062191884717397,0.05067064083457524,0.016528925619834642,0.013796172674677292,0.0372588157019295,0.0209098615428088,0.00560554654078766,,0.010819080924539587,,0.011723329425556815,0.011428571428571411,0.01657657657657661,,,,0.02202202202202205,,,0.035320088300220875,0.04330927262631858,0.019801980198019802,0.06667981850463593,
0,2013-09-02,,0.11605937921727408,0.020012087838291708,0.013333333333333208,0.018957345971564135,,0.010859004400754414,,,0.0012242399510303324,0.03464152598114451,0.02306805074971165,,0.030260047281323768,0.01810060746879558,0.022619047619047563,inf,,0.014504431909750178,0.01733102253032936,0.01845556095191846,,inf,0.08188021228203184,0.02394620305068064,0.0038348082595870956,0.015267175572519083,0.04154302670623149,0.048,0.006533101045296105,0.04013377926421403,0.02534662045060647,0.005915409642117717,,0.006521739130434721,,0.0070339976553341725,0.018205461638491505,0.04009848751319031,,,,0.02202202202202205,,,0.042761148442272454,0.04330927262631858,0.07739307535641542,0.072,
0,2013-09-03,,0.11605937921727408,0.019711084109625947,0.016750418760469014,0.00442535467916183,,0.007574888098244029,,,0.003898635477582846,0.03464152598114451,0.006920415224913429,,0.01022780102278005,inf,inf,inf,,0.0041067761806980645,0.0177514792899408,0.018691588785046728,,inf,0.06388575723412249,0.013490907128595327,0.004101963082332276,0.02027222704894303,0.02227171492204892,0.040310077519379844,0.006772255598033911,0.04013377926421403,0.019758264804900845,0.0020676414119036738,,0.029236599891716328,,0.016260162601626084,0.012804097311139632,0.021201413427561887,,,,0.010896483407627482,,,0.023442319555829805,0.04330927262631858,0.02748456482772347,0.05066826251745457,
0,2013-09-04,,0.13851628798248022,0.010206221600838922,0.013513513513513544,0.006609385327164573,,0.008172796263864565,,,0.003976143141153081,0.05264322052643223,0.015593416113196585,,0.023701002734731032,0.012121212121212121,0.011152416356877306,inf,,0.015328761597418274,0.0390243902439023,0.009174311926605505,,inf,0.06078799249530961,0.016048252463783823,0.02034883720930241,0.004369992716678764,0.03558718861209964,0.027906976744186046,0.017142857142857168,0.05733558178752106,0.01902854281422126,0.0014755791648221927,,0.017983093738222166,,0.013921113689095035,0.01929260450160765,0.016528925619834614,,,,0.01581027667984184,,,0.04050243527300688,0.04330927262631858,0.05946916783077238,0.015810276679841896,
0,2013-09-05,,0.1215469613259668,0.024207011686143504,0.02252355780280388,0.006735821096591674,,0.006769825918762116,,,0.007693865154889677,0.05264322052643223,0.005934718100890208,,0.048894062863795114,0.03468774897346326,0.02450518378887834,inf,,0.03252032520325206,0.021218850234394262,0.06599450045829518,,inf,0.08115282518012895,0.014709888313811042,0.014687337734589558,0.02192627474063732,0.034769463340891975,0.03457106274007686,0.01914088582239037,0.0441426146010187,0.037141249296567216,0.008271787296897945,,0.010484786250878224,,0.007083825265643507,0.016938110749185654,0.017179670722977828,,,,0.020757784169063424,,,0.04050243527300688,0.03202650469353939,0.05869435016969464,0.042860004005607806,
0,2013-09-06,,0.1215469613259668,0.0014853824859901346,0.020275162925416448,0.011646073000994081,,0.00904977375565611,,,0.012798634812286689,0.05825242718446605,0.006734006734006698,,0.031207456278144346,0.03870967741935484,0.01614465611882467,inf,,0.0423728813559322,0.05128205128205128,0.013336626327488353,,inf,0.08115282518012895,0.03389830508474576,0.013063859217705285,0.06218749999999995,0.043303929430633596,0.09032258064516129,0.0371538731160183,0.0646937370956641,0.022105875509016937,0.01615508885298869,,0.11363636363636363,,0.019277108433734955,0.04316546762589926,0.02723592197276402,,,,0.058981233243967826,,,0.06434316353887397,0.04558087826570319,0.09725158562367868,0.08333333333333333,
0,2013-09-09,,0.13851628798248022,0.03168316831683176,0.024483917426788362,0.009612666101215615,,0.013758599124452783,,,0.01652892561983471,0.05778781038374723,0.01251717295069462,,0.052899287894201445,0.03840208659501722,0.014971927635682995,inf,,0.01778496362166537,0.020050125313283138,0.013161830690996187,,inf,0.16318486401261334,0.08562019758507132,0.028809704321455732,0.05327165559949255,0.032258064516129066,0.09396825396825403,0.026798783920729596,0.1605049594229035,0.010410641989589424,0.00245398773006121,,0.08616780045351465,,0.009478672985781998,0.007390983000739071,0.024584237165582057,,,,0.021594900481332148,,,0.024983563445101983,0.04558087826570319,0.04352331606217605,0.14985349518627045,
0,2013-09-10,,0.13851628798248022,0.024983563445101983,0.01827801827801823,0.0013956734124216123,,0.011909101956495267,,,0.005584363781412069,0.03482142857142862,0.030395136778115502,,0.048023284016492876,0.024941444578084445,0.012422360248447159,inf,,0.014527845036319589,0.033405954974582486,0.005312726394590651,,inf,0.16318486401261334,0.029195568899471922,0.0013879250520471107,0.017524482733230214,0.03519510328997711,0.022905364677516644,0.0026642984014210603,0.08529155787641425,0.016423357664233713,0.006024096385542169,,0.013682003751517102,,0.00921658986175116,0.010502625656414147,0.011577424023154858,,,,0.0254323499491353,,,0.028025477707006224,0.04558087826570319,0.037352821762078686,0.056925996204933584,
0,2013-09-11,,0.1395348837209303,0.03092049938547126,0.007995431182181642,0.008693289866884005,,0.004694835680751174,,,0.006828680457923347,0.034367328721267645,0.013645802432512505,,0.0028999516674721817,0.02531645569620253,0.01591187270501824,inf,,0.00726099233561919,0.03678051110580365,0.023529411764705882,,inf,0.01691006917755564,0.018802572983671505,0.003687456290927665,0.010226442658875134,0.02771699489423784,0.03680981595092025,0.006422323109290203,0.07017543859649122,0.016590068377984574,0.006578947368421019,,0.03759723422644775,,0.020385050962627375,0.011799410029498535,0.019498607242339788,,,,0.01488833746898263,,,0.0330368487928843,0.03314917127071811,0.02715654952076676,0.04142011834319523,
0,2013-09-12,,0.09274299187843854,0.010953172112485393,0.018348623853210944,0.011379030073150762,,0.013966316530720002,,,0.007598480303939234,0.04508019072388386,0.0224985198342215,,0.018867924528301886,0.04194506074341544,0.005472788081483725,inf,,0.007751937984496097,0.013120899718837916,0.025435704192180903,,inf,0.01691006917755564,0.02544031311154593,0.013558454847787005,0.019914651493598945,0.008658008658008602,0.02534701267350644,0.0088515158220845,0.029746281714785702,0.01680672268907563,0.028985507246376812,,0.06521739130434782,,0.015469613259668374,0.018637992831541203,0.01810584958217269,,,,0.007453416149068323,,,0.0330368487928843,0.03314917127071811,0.024000000000000056,0.0506912442396313,
0,2013-09-13,,0.09921671018276775,0.012571086501047556,0.01505474452554753,0.005824728620598517,,0.007252310211720722,,,0.0035509962517262014,0.04508019072388386,0.008683068017366137,,0.018305562074630393,0.02535193324415568,0.023952095808383148,inf,,0.00674409891345072,0.02020202020202026,0.011587485515643106,,0.6206896551724138,0.1186919660880096,0.00896437839113001,0.012738853503184714,0.009964412811387739,0.021413276231263434,0.040741866828823456,0.013995189153728419,0.04615651570362665,0.011111111111111112,0.0026052974381241202,,0.025586353944562962,,0.013100436681222816,0.02637057598889653,0.011126564673157173,,,,0.012484394506866416,,,0.026265459645543644,0.047964305633017255,0.007936507936507907,0.033271719038817,
0,2013-09-16,,0.09424083769633511,0.017705467161143726,0.0050973123262281275,0.0010573618821041277,,0.0070838252656434475,,,0.008032128514056224,0.05846422338568938,0.0157296824934459,,0.023529411764705882,0.029185960909041634,0.009400705052878973,inf,,0.005096468875136533,0.02020202020202026,0.016489988221436984,,0.6153846153846154,0.019193857965451054,0.06889952153110036,0.022034996759559337,0.01279317697228133,0.01595358955765052,0.040145985401459826,0.007838152738057356,0.06225953130465202,0.01547779273216684,0.005803830528148578,,0.021310602024507193,,0.010787486515641818,0.016528925619834725,0.02105263157894742,,,,0.014962593516209476,,,0.033675348592475694,0.050139275766016636,-0.0004165798791919001,0.03339517625231911,
0,2013-09-17,,0.05626598465473153,0.020939276099311996,0.0027900488258543925,inf,,-2.0,,,-2.0,0.05622139899760299,0.0040804430195279335,,0.009478672985781991,0.03860764400341114,0.006491590439657683,inf,,0.0131964809384164,0.02001906577693049,-2.0,,0.6153846153846154,0.015325670498084372,0.0744297719087635,0.02280348759222002,0.005477912774773518,0.0607857672349889,0.09553938627016763,0.02564378838487227,0.09050576752440109,0.0111731843575419,0.002356406480117686,,0.0240064017071219,,0.008639308855291582,0.029850746268656712,0.027649769585253496,,,,0.004399902224395041,,,0.03341665570319703,0.07692307692307684,0.017298187808896134,0.048048048048048096,
0,2013-09-18,,0.06369426751592357,0.011126893939393912,0.008775981524249483,0.00550964187327812,,0.004694835680751174,,,0.004858299595141655,0.027450556576245518,0.02722270489429475,,0.038844149692089006,0.05194805194805195,0.015476190476190357,inf,,0.007304601899196467,0.01277501774308018,0.02445456725005991,,0.6153846153846154,inf,0.05275779376498801,0.01979934888047299,0.011204481792717045,0.03717472118959108,0.01722017220172209,0.025533741014912664,0.07513416815742402,0.015442709801048352,0.008274231678487032,,0.01927069470322068,,0.00851063829787235,0.033613445378151294,0.019649122807017624,,,,0.004878048780487805,,,0.015645371577575007,0.028616852146263864,0.0242848322700144,0.023963133640552997,
0,2013-09-19,,0.11398963730569946,0.019730941704035942,0.009715475364330201,0.005744768157570613,,0.015430826314859558,,,0.01010713563776026,0.05195372189478282,0.013574007220216738,,0.0244662988726313,0.01862441617887673,0.01602849510240425,inf,,0.006644518272425239,0.02898550724637695,0.02156721782890007,,0.6153846153846154,0.0485255692422546,0.016090866067203054,0.011202987463323598,0.0019463367162519192,0.04978038067349925,0.013861081164330819,0.025533741014912664,0.08199643493761144,0.002262443438914059,0.007071302298173348,,0.0106951871657754,,0.008492569002123149,0.01111111111111112,0.021900388555280852,,,,-0.0014412683161182387,,,0.016183764030279234,0.028616852146263864,0.02728226652675755,0.021410114433370292,
0,2013-09-20,,0.00968523002421304,0.002444987775061159,0.008824527661500183,0.008345672365055732,,0.005481955230698898,,,-2.0,0.05240174672489083,0.01871278707116536,,0.022029528943051272,0.018808777429467086,0.0197444831591173,inf,,0.013813158851326755,0.05231200373657158,0.012531909955906322,,0.6153846153846154,0.047067612999626376,0.03216650898770109,0.014129736673089385,0.006872852233676976,0.034732272069464575,0.0021688613477925498,0.021288033544780177,0.09219858156028374,0.019780219780219904,0.002627353670996868,,0.019485705158920282,,0.012793176972281368,0.012491325468424685,0.01133144475920681,,,,0.006688963210702368,,,0.008835758835758739,0.02225755166931628,0.011858515640973327,0.019977802441731324,
0,2013-09-23,,0.14285714285714288,0.05385556915544682,0.02408011702486779,-2.0,,0.011845102505694864,,,0.007140023800079379,0.05619690699194078,0.019858156028368795,,0.0361904761904763,0.05139751455679177,0.020086083213773396,inf,,0.017556693489392716,0.04179384832120202,0.03302752293577976,,0.6153846153846154,0.047067612999626376,0.040508714083843586,0.027534418022528193,0.02707393266227008,0.03620564808110065,0.02324850769714099,0.015982951518380396,0.1605049594229035,0.01986385448052674,0.003850140678217123,,0.014335014600477773,,-0.006204756980351471,0.022284122562674116,0.01750087504375219,,,,0.0035966910442392997,,,0.040120624098597124,0.02011646373742716,0.049393051485977384,0.04878048780487805,
0,2013-09-24,,0.06591244466305951,0.017565872020075354,0.01576201576201578,0.001391788448155999,,0.008997577575268145,,,0.007234726688102825,0.050836411036280636,0.009229881742140145,,0.04202483285577847,0.056074766355140186,0.02736602052451542,inf,,0.016769959897922015,0.0210526315789475,0.026715799170889044,,0.36363636363636365,inf,0.04603100046970414,0.015005359056806151,0.02707393266227008,0.02295552367288381,0.018575851393188854,0.015167930660888469,0.0377358490566037,0.013729977116704838,0.019859813084112183,,0.01254118397279208,,0.010471204188481638,0.03342618384401117,0.014721345951629798,,,,0.01397927211376238,,,0.03101182654402102,0.01584786053882711,0.01575473706621252,0.029338499861610804,
0,2013-09-25,,0.08229851473094706,0.011076923076923147,0.012586949320967215,0.0066537288605487905,,0.01439506454929741,,,0.007290400972053509,0.06023570493234401,0.011270047680970893,,0.02144522144522155,0.012048192771084338,0.016481955100880883,inf,,0.007991282237558985,0.028368794326241037,0.026765113059529225,,0.36363636363636365,0.028549962434260015,0.027501185395922292,0.005128205128205201,0.027777777777777776,0.01726618705035973,0.034956304619225935,0.010269576379974261,0.16216216216216217,0.007564736688973008,0.0,,0.057938177698656786,,0.008421052631578769,0.021171489061397368,0.016701461377870576,,,,0.013765978367748335,,,0.013245033112582781,0.009478672985781976,0.03070452155625659,0.03296804493968133,
0,2013-09-26,,0.16068721576553815,0.01240694789081886,0.01543550165380381,0.005749486652977435,,0.006857142857142857,,,0.008032128514056224,0.0336283185840709,0.020202020202020266,,0.026964202696420324,0.017804154302670624,0.019406392694063915,inf,,0.02076124567474041,0.017924528301886743,0.024096385542168752,,0.36363636363636365,inf,0.0368098159509203,0.003574163900944615,0.020630052969054975,0.024303073624017145,0.033686837180287,0.01874733702599068,0.17040358744394618,0.007941009642654599,0.006918333583997627,,0.057938177698656786,,0.012684989429175392,0.01270289343683837,0.0,,,,0.0034765333995529606,,,0.028612678829242774,0.05510534846029172,0.025316455696202594,0.03718854592785423,
0,2013-09-27,,0.03716055264411613,0.01951219512195115,0.00862736422962063,0.0026752273943285564,,0.005023978077186546,,,0.0031670625494853973,0.0336283185840709,0.010494338580502654,,0.04812834224598935,0.07984561572789772,0.016709881878421155,inf,,0.006779661016949249,0.028037383177569996,0.03454545454545465,,0.36363636363636365,inf,0.035355948399426684,0.0032102728731942215,0.0273972602739726,0.021201413427561887,0.015455950540958269,0.01825621655649994,0.17040358744394618,0.00778385695752719,0.013597569796036421,,0.03484248933655379,,0.012578616352201177,0.005555555555555561,0.018601446779193908,,,,0.017382906808305138,,,0.021978021978022066,0.02083333333333326,0.024482904178978554,0.03715518859072989,
0,2013-09-30,,0.16068721576553815,0.027929568913175436,0.008188558149828426,0.009139784946236459,,0.0071519206367516965,,,0.0076320546294436865,0.022172949002217297,0.015503875968992312,,0.03807390817469205,0.0899753738963301,0.016431924882629175,inf,,0.006095496105655256,0.002748511223087436,0.027262569832402335,,0.07916833266693328,0.04870738104158864,0.035355948399426684,0.013089005235602092,0.02565833896016213,0.033012379642365794,0.012195121951219513,0.010256410256410256,0.03361344537815126,0.011363636363636364,0.005291742097200883,,0.0009059338668277559,,0.012605042016806641,0.011095700416088776,0.020646937370956568,,,,0.022820844606516857,,,0.026212319790301444,0.014184397163120444,0.03389830508474579,0.03252944475602912,
0,2013-10-01,,0.071111111111111,0.037267080745341616,0.01395767672219715,0.0008089524066334404,,0.007658321060382916,,,0.00647249190938509,0.033178500331785,0.0111731843575419,,0.03636363636363636,0.03632943389571454,0.006588799041629196,inf,,0.01342281879194626,0.034924330616996506,0.01950555681560437,,0.08789514263685433,0.045045045045045015,0.038461538461538464,-2.0,0.007368995633187664,0.022503516174402268,0.027649769585253458,0.018163054695562487,0.07407407407407407,0.0111731843575419,0.011611833010782384,,0.04506172839506168,,0.01892744479495265,0.012491325468424685,-2.0,,,,0.020628114497624236,,,0.022295081967212967,0.00508905852417292,0.04218308327897364,0.02588632526730436,
0,2013-10-02,,0.07253886010362688,0.016888997674703334,0.019068984856982645,0.002691065662002191,,0.012143858010275545,,,0.010677618069815289,0.02531645569620248,0.015686274509803984,,0.04440457501681994,0.0572987721691678,0.009467455621301784,inf,,0.014824797843665692,0.014571092831962338,0.0061755624172916005,,0.039525691699604744,0.05278592375366573,0.038461538461538464,0.014656895403064548,0.008048564217993168,0.045929018789144065,0.027649769585253458,0.017330307406643354,0.07881773399014774,0.021836723383029416,0.003302146395156821,,0.04506172839506168,,0.016842105263157908,0.012474012474012454,0.017452006980802792,,,,0.004018754186202303,,,0.019211324570272952,0.00508905852417292,0.018506563374219916,0.03161460293564162,
0,2013-10-03,,0.10480349344978167,0.013505217925107357,0.008537407324196866,0.0024035251702497905,,0.004556340907763277,,,0.003761755485893322,0.02576632607729903,0.007228245760355916,,0.006275212909009438,0.04146730462519936,0.010507880910682997,inf,,0.0046869768998995835,0.018735362997658177,0.016821602478973047,,0.039525691699604744,0.040072859744990946,0.011439466158245974,0.01142089351696331,0.014310051107325538,0.04529855868222376,0.009216589861751152,0.007142128354249596,0.04372469635627535,0.014120242691671274,0.008534850640113799,,0.04506172839506168,,0.012631578947368527,0.010723860589812341,0.02112676056338021,,,,0.02564917859035511,,,0.04342522566479632,0.03617571059431521,0.014827018121911013,0.026365348399246705,
0,2013-10-04,,0.05607476635514016,0.019466248037676753,0.013197628900570482,0.009004237288135495,,0.005824111822947,,,0.007108509303784188,0.04919882645001131,0.019016571583808747,,0.02916482545293855,0.04140279921238891,0.011114360924246931,inf,,0.012798922196025565,0.015880429705744974,0.01712483100495724,,0.047244094488188976,0.05433186490455214,0.023859649122807122,0.006339785526404517,0.014310051107325538,0.027210884353741523,0.01569472226496391,0.017757588271732384,0.0421393841166937,0.013717421124828532,0.011741682974559653,,0.05774278215223097,,0.02096436058700221,0.013495276653171342,0.014084507042253596,,,,0.0025673940949935575,,,0.023407022106632036,0.11852642819006934,0.019417475728155338,0.02843601895734597,
0,2013-10-07,,0.11447811447811443,0.021210230817217752,0.013153340256144003,0.006388075592227705,,0.009389671361502348,,,0.002897950734837578,0.04393063583815029,0.0024593523705423617,,0.02311111111111106,0.038461538461538464,0.011146963919037915,inf,,0.00403768506056531,0.02249297094657905,0.044728434504792386,,0.31864406779661014,0.034311856652687704,0.01109057301293903,0.017771701982228258,0.023271731690622896,-2.0,0.015389350569405972,0.022729642373058148,0.04678362573099419,0.005317970307999158,0.006171107994390029,,0.029506355607739045,,0.014721345951629923,0.02020202020202025,0.0204874602613918,,,,0.012264749418481734,,,0.04819277108433735,0.01820020222446913,0.0036968576709797197,0.016517430235590717,
0,2013-10-08,,0.13776722090261276,0.018062908751167894,0.020225235578028095,0.007805140627102655,,0.004415011037527512,,,0.0029617093293843396,0.02192675530674126,0.01233721727210418,,0.010591756850103667,0.021282284369819795,0.01720557698012454,inf,,0.019654354456116633,0.02249297094657905,0.013568521031207599,,0.2192513368983958,0.06934164394234506,0.034234234234234336,0.010869565217391266,0.0027285129604366003,0.02564102564102573,0.014787430683918704,0.02822162274330773,0.046466287571080414,0.00554016620498615,0.007570447217159649,,0.03003625064733305,,0.02357984994640931,0.010582010582010592,0.009978617248752587,,,,0.02427081115605701,,,0.01715438950554994,0.09663865546218488,0.03724819460281263,0.017391304347826087,
0,2013-10-10,,0.06611198560827519,0.005450266319831509,0.003426613363792086,0.007744692215249199,,0.013222743118163242,,,0.007528230865746597,0.05714285714285714,0.020068728522336644,,0.013856812933025405,0.032432432432432434,0.006491590439657683,inf,,0.029978586723768727,0.01645123384253809,0.026475207538703187,,0.11397644062400512,0.04728132387706852,0.06813281586890906,0.008974801518812643,0.019606498937410115,0.023154848046309715,0.005502904310608411,0.013916294526949728,0.1270903010033445,-0.02127659574468085,0.00399087799315843,,0.018556701030927953,,0.012847965738758137,0.03208556149732611,0.004240282685512403,,,,0.011423735984768304,,,0.025060118972282042,-2.0,0.028766086298258952,0.03713527851458886,
0,2013-10-11,,0.10905892700087952,0.006800618238021779,0.016901408450704224,0.006489292667099286,,0.017885806007796403,,,0.007260992335619247,0.011695906432748537,0.02127659574468085,,0.027649769585253458,0.0210896309314587,-2.0,inf,,0.016404647983595366,0.018950774208458525,0.03229278794402583,,0.11397644062400512,0.06934164394234506,0.037542662116041,0.013422818791946308,0.014160995394239378,0.020338983050847505,0.02967359050445104,0.012066673483996244,0.1270903010033445,0.010582010582010581,0.006457953109644845,,-0.006118661918852495,,0.018575851393188826,0.01678502259522271,0.01681850035038544,,,,0.01680672268907563,,,0.020151133501259553,0.07643312101910817,0.020541549953314687,0.014629049111807691,
0,2013-10-14,,0.09736489504242964,0.004195004131443442,0.018189884649511986,0.009527488090640003,,0.0148131136246196,,,0.0032573289902280596,0.04035366130129225,0.0487293686140949,,0.013605442176870748,0.01643835616438356,0.009789807083213253,inf,,0.0020754064337600233,0.018472628970488854,0.06546080964685623,,0.11397644062400512,0.08426749130266717,0.08253438932888708,0.010004055698256173,0.006128702757916279,0.020338983050847505,0.051017483519633165,0.016919783916012603,0.08230044620723842,0.015726423557971343,0.00554016620498615,,0.009031198686371054,,0.006116207951070388,0.015267175572519099,0.0104712041884817,,,,0.02688728024819028,,,0.03051181102362192,0.0620725933719095,0.03773584905660377,0.046806264297026265,
0,2013-10-15,,0.09736489504242964,0.010063217649335583,-2.0,0.0074463987674927784,,0.012564249000571102,,,0.007352941176470518,0.05315387247633172,0.0181376931919786,,0.0667838312829525,0.007711018814223976,0.011928429423459293,inf,,0.014507772020725448,0.01325088339222618,0.029227557411273485,,0.06147159267308292,0.07459207459207451,0.07184628237259812,0.008253094910591393,0.006128702757916279,0.01967213114754103,0.043010752688172046,0.008590713847412593,0.04545454545454541,0.005700411696400363,0.0030432978281920674,,0.020307158528496298,,0.0040733197556007275,0.0203045685279188,0.0104712041884817,,,,0.0008166598611677771,,,0.02420350703877493,0.026752273943285176,0.009354536950420954,0.03508771929824561,
0,2013-10-16,,0.09736489504242964,0.02258860184343774,0.002214839424141781,0.008501867834599983,,0.00681044267877412,,,0.002031281738777168,0.0515158422612264,-0.00261437908496732,,0.027420024927295367,0.02287222344402903,0.013613159387407738,inf,,0.0104712041884817,0.008187890540831773,0.0411522633744856,,0.060371088341179754,0.1004216174779608,0.07045171985080811,-2.0,0.010869565217391266,0.06369426751592357,0.01904761904761905,0.015418066811622732,0.04346415828738242,0.01342281879194628,0.017699115044247787,,0.007110208227526693,,0.010256410256410402,0.01121495327102802,0.027092740534907993,,,,0.020083172735571513,,,0.023953574515372243,0.02566844919786098,0.0209310718152291,0.0003459609064176535,
0,2013-10-17,,0.051102860886656554,0.013071895424836602,0.011860311882275404,0.011617400283980969,,0.010210378681626827,,,0.006883984612269759,0.0473286167357893,-0.010471204188481676,,0.013366750208855424,0.011936123220154934,0.019133370849746752,inf,,0.02712348322626688,0.05205709487825365,0.02390438247011952,,0.060371088341179754,0.07832493214424194,0.07920792079207915,0.011846142867337449,0.013289482515605005,0.013810420590081536,0.05664008798460276,0.018746916625554923,0.038834951456310655,0.010971865720469107,0.0024420024420023804,,0.0029074139054589827,,0.01622718052738338,0.014833127317676267,0.01674808094905781,,,,0.031496062992125984,,,0.02463054187192118,0.02883075280298981,0.024164889836531617,0.022628372497824196,
0,2013-10-18,,0.14039125431530497,0.0025348542458808977,-2.0,-2.0,,0.0038799497888850594,,,0.007759852971206884,0.007014149232071538,0.015247447990696415,,0.017507294706127507,0.018927792953121983,0.01585503963759916,inf,,0.019858156028368747,0.03278688524590167,0.0197939810139366,,0.0546810273405137,0.08500772797527044,-2.0,-2.0,0.011517839412193084,0.020025031289111407,0.027247956403269755,0.004774219216232385,0.04545454545454541,-2.0,0.010584882616365796,,0.022946859903381654,,0.006091370558375684,0.01932367149758456,0.012465373961218818,,,,0.015625,,,0.022140221402213982,0.02883075280298981,0.02919444945035137,0.019113814074717638,
0,2013-10-21,,0.05882352941176464,0.022222222222222362,0.021644538658931137,0.0129366106080207,,0.013605442176870748,,,0.005768438401318524,0.03622497616777881,0.009973149213655485,,0.015993265993266042,0.027205984208339105,0.014831717056474703,inf,,0.02057467186945732,0.03970741901776382,0.021086780210867757,,0.06609275201332966,0.12059158134243457,0.0522029651284193,0.01584972116231307,0.015459773668913487,0.0143509458577951,0.04451772464962899,0.024106148080623876,0.04481974667099704,0.008152173913043594,0.023715415019762844,,0.027908844493524758,,0.014155712841253849,0.026862026862026937,-0.001356852103120731,,,,0.03525450584274105,,,0.040358744394618944,0.02883075280298981,0.029411764705882377,0.028070175438596492,
0,2013-10-22,,0.041841004184100423,0.0060790273556231,0.00763275542470835,0.005334688174774568,,0.008714596949891068,,,0.0056749087961086575,0.014012587578672313,0.005961251862891291,,0.03869357187434996,0.03278688524590164,0.01552106430155217,inf,,0.016472203157172287,0.024896265560165887,0.03125,,0.3523447401774397,0.10187667560321717,0.026151679742506536,0.0048801492751543475,0.015337043908472417,0.04490057729313658,0.030785849311369098,0.013613613613613608,0.03908794788273613,0.003848620910840246,0.0020746887966805274,,0.06293018682399219,,0.01783944499504457,0.017931858936043082,0.02666666666666657,,,,0.026440410418310925,,,0.03374908290535572,0.029914529914529846,0.026197739099228436,0.03497615262321137,
0,2013-10-23,,0.02564102564102555,0.003479095435186927,0.008629989212513454,0.009442388669133531,,0.008295132067234253,,,0.004454342984409777,0.016374269005847954,0.012164216928535254,,0.04113858300436321,0.04336720830389653,0.009620523784072672,inf,,-0.010507880910683038,0.015621701498838968,0.018786692759295433,,0.3322642719692111,0.050974512743628166,0.04798698657991058,0.010224948875255664,0.016639339284629746,0.0516129032258065,0.02395370744179781,0.013045659809332635,0.04508330610911464,0.0011035497517011734,0.005715770329955803,,0.016338298894762158,,0.013820335636722489,0.016908212560386326,0.01658374792703151,,,,0.017439556084026975,,,0.003866602223296368,0.06098843322818086,0.01355595966275418,0.02460456942003515,
0,2013-10-24,,0.14237288135593215,0.029960256802201195,0.008516213560432374,0.006913327358852798,,0.011785246617197681,,,0.004520238339839713,0.021101992966002344,0.013065064018813693,,0.03433298862461225,0.027686006825938567,0.014426930269837197,inf,,0.013745704467354024,0.028291621327530016,0.02350129456283611,,0.35443037974683544,0.0524344569288389,0.009906875371507827,0.00991784471911778,0.03082191780821913,0.04501607717041807,0.02369413031771678,0.009830474470859706,0.04876452299132718,0.02607076350093103,0.0012965123816932453,,0.04678362573099413,,-0.0020387359836900685,0.027929568913175523,0.01680672268907563,,,,0.01665014866204158,,,0.02826939066397429,0.050739957716701756,0.02267422474158052,0.022867194371152155,
0,2013-10-25,,0.14237288135593215,0.014527845036319648,0.006518904823989663,0.005301022340022741,,0.00915701589011581,,,0.004882017900732372,0.017790262172284698,0.010309278350515464,,0.012371134020618556,0.0294615090839653,0.017557861133280225,inf,,0.009655172413793142,0.03675856307435251,0.01992825827022718,,0.07106336159471872,0.011764705882352951,0.0069204152249135375,0.006644518272425292,0.022235225277940383,0.026070763500931095,0.02953020134228188,0.012993503248375782,0.025812775690246665,0.0051616074720413135,0.002032520325203281,,0.03193033381712625,,0.01412714429868825,0.021026592455163872,0.023372287145242043,,,,0.009813542688910697,,,0.02901785714285724,0.02040816326530623,0.016058882569421225,0.013686611686260668,
0,2013-10-28,,0.13513513513513514,0.017277834833564994,0.010640656173797473,0.012018027040560764,,0.002667377967457989,,,0.004098360655737705,0.021032951624211267,0.01809253036960455,,0.030050083472454043,0.01958650707290533,0.009011396766498708,inf,,0.010084033613445283,0.03181336161187699,0.024489795918367346,,0.07106336159471872,0.008103130755064546,0.022988505747126436,0.009606724707295114,0.05317919075144502,0.028696194635059315,0.04465967177831591,0.021547502448579853,0.003647819598739825,0.014900560310325817,0.005588011176022323,,0.028275212064090484,,-2.0,0.011173184357541882,0.010084033613445283,,,,0.059046177138531504,,,0.042580645161290405,0.0781657113079729,0.030150753768844293,0.008718395815170008,
0,2013-10-29,,0.11659192825112114,0.0022807754636577867,0.015057573073516382,0.0061162079510703364,,0.004573251794735394,,,0.000812677773262855,0.009182736455463728,0.012263668880940245,,0.02510460251046025,0.010834284072607855,0.008079719903043478,inf,,0.017484868863483508,0.027184466019417437,0.019704433497536995,,0.21007747282445494,0.050974512743628166,-2.0,0.008638992605608074,0.009080590238365462,0.0240354206198609,0.015625,0.014309516808781808,0.003647819598739825,0.012195121951219513,0.018645121193287758,,0.02580645161290333,,0.0020429009193055517,0.012437810945273589,0.00865800865800871,,,,0.02578268876611418,,,0.033068499033712825,0.07492195629552556,0.01580628888515214,0.04620673115356939,
0,2013-10-30,,0.12080536912751674,0.012522361359570713,0.006571741511500486,0.007014149232071572,,0.004652146331148211,,,0.0008061265618701678,0.030654900139340427,0.009302325581395463,,0.02362869198312246,0.010716455836049273,0.009939260077305341,inf,,0.006018054162487452,0.023767605633802782,0.023250898330162754,,0.09523809523809518,0.005152741994847148,0.027270981371230903,0.00903658358839826,0.010209869540555774,0.012722646310432639,0.029988465974625116,0.015458370022502672,0.01332889036987678,0.007186795785370649,0.012202714481384578,,0.007305936073059465,,0.010152284263959354,0.0074074074074074675,0.009283819628647253,,,,0.01368181020873523,,,0.06852925672113865,0.06311433005690649,0.016638935108153077,0.018461538461538463,
0,2013-10-31,,0.03958691910499131,0.020022246941045572,0.006863721908557562,0.014289233801429055,,0.0052202631438768195,,,0.008476286579213009,0.030654900139340427,0.023279352226720618,,0.021448894725322853,0.016402405686167305,0.024291497975708464,inf,,0.014853083629318723,0.02167662021676629,0.016253386122108797,,0.09523809523809518,0.022602989427633884,0.0160366552119129,0.013514516967401956,0.06269665540146831,0.029543994861913992,0.027508914926133495,0.02002527461845049,0.032667876588021845,0.007518796992481132,0.005949429846306481,,0.015217892552455667,,0.022244691607684594,0.011159330440173573,0.019339779926642275,,,,0.06974415005007731,,,0.02706891207769388,0.06632124352331611,0.006688963210702318,0.0031496062992125984,
0,2013-11-04,,0.13513513513513514,0.026382262138647142,0.017319963536918826,0.003187446365085266,,0.006296355584013636,,,0.005232441135037162,0.03301557777261099,0.013700400672095155,,0.03987594151528578,0.02308960967564596,-2.0,inf,,0.01800643086816716,0.02426649018310173,0.026599113362887953,,0.18404907975460122,0.07050092764378474,0.019817073170731666,0.010537407797681812,0.00412972185108713,0.026315789473684237,0.08923884514435695,0.01342546890424481,0.032667876588021845,-2.0,-2.0,,0.03242749486184058,,0.022110552763819163,0.021078735275883435,0.017094017094017096,,,,0.0677361853832442,,,0.05987766927781949,0.0567302733367716,0.012409860808317996,0.015503875968992248,
0,2013-11-05,,0.13513513513513514,0.0021421726140144533,0.008903093254194739,0.004889975550122319,,0.0045781208410965715,,,0.0012012012012012467,0.030726256983240195,0.009324009324009236,,0.031014621178555607,0.011912640635340834,0.009771986970684215,inf,,0.0069204152249134595,0.008484036615315818,0.023027004396064477,,0.31921824104234525,0.04444444444444455,0.019439679817038175,0.001798830760005851,0.03955890075266936,0.01974983541803823,0.021330624682579933,0.016764620869062483,0.03300550091681942,0.008320000000000072,0.0015294417537599356,,0.015855039637599093,,0.012024048096192307,0.021289918597370058,0.012929567880231337,,,,0.024686972737767477,,,0.010262854749188437,0.053553038105046476,0.009684421439305365,0.01503992557562591,
0,2013-11-06,,0.13513513513513514,0.01025641025641032,0.012701292810160924,0.007589668258048777,,0.004699348499412557,,,0.004854368932038904,0.023529411764705882,-0.0015777018143571463,,0.01312910284463895,0.021323367773136953,0.012331838565022358,inf,,0.00444585582724665,0.01342281879194634,0.007300837449001454,,0.17272671152540273,0.04805914972273571,0.015267175572519083,-2.0,0.020864381520119227,0.02569303583502372,0.035649702919142365,0.017034456058846355,0.006837606837606935,0.009096816114360012,0.0025348542458808617,,0.021680216802168074,,0.012195121951219613,0.012578616352201213,0.012964858410098907,,,,0.040198287516899425,,,0.04415724286483585,0.05255023183925828,0.012451623759044168,0.009175025270196684,
0,2013-11-07,,0.13513513513513514,0.018878400888395364,0.008579814856626676,0.007046531405661503,,inf,,,0.01126307320997591,0.023752969121140142,0.011620400258231117,,0.03945111492281311,0.02109938922820655,0.012946805516464982,inf,,0.010797078437599233,0.031042128603104187,0.02805957263112454,,0.17272671152540273,0.049501292944218685,0.01449828309805422,0.007117437722419912,0.011951955505591446,0.013404825737265367,0.00927357032457502,0.01903663109316416,0.00855431993156544,0.014184397163120494,0.007240044938209904,,0.022573363431151242,,0.010152284263959354,0.015170670037926689,0.014874915483434798,,,,0.03071364046973803,,,0.03153772886019689,0.051546391752577324,0.013201320132013155,0.012539184952978056,
0,2013-11-08,,0.13513513513513514,0.02387720295622506,0.011919487237152682,0.00538028857911467,,0.0137946016401456,,,0.006456820016142027,0.02857142857142857,0.015424164524421594,,0.0025052192066806795,0.020089285714285716,0.01624194903388402,inf,,0.011464968152866224,0.020856445529176787,0.010685663401602874,,0.04316546762589928,0.056680161943319936,0.03377110694183865,0.002282236591859893,0.022223528720089373,0.013793103448275813,0.022623846053829125,0.007061592781482924,0.025884383088869714,0.016808912632744883,0.0009992505620783844,,0.022573363431151242,,0.012048192771084258,0.014003819223424611,0.011568560734943853,,,,0.03071364046973803,,,0.02127659574468085,0.051546391752577324,0.021399176954732462,0.004399748585795026,
0,2013-11-12,,0.12244897959183672,0.029439035697728235,0.013407567321895157,0.003705991352686809,,0.006505320028667487,,,0.0060790273556231,0.04981203007518794,0.015402688944002029,,0.02338932596215182,0.018940340199395823,0.01241534988713312,inf,,0.01156069364161848,0.036036036036036063,0.009861048857014741,,0.07909604519774012,0.056680161943319936,0.03592814371257494,0.012962256957681956,0.03389830508474583,0.04002760524499656,0.024396574098105313,0.015317498788172547,0.04493189456925525,0.015576935663328724,0.021853708702918112,,0.02423112767940349,,0.016161616161616175,0.013071895424836671,-2.0,,,,0.014111168473584658,,,0.04721030042918461,0.06110823407560848,-2.0,0.07466621311335994,
0,2013-11-13,,0.04303412301673542,0.03178272175671771,0.011428571428571429,0.012858555885262194,,0.0016680567139282735,,,-2.0,0.04318263151616358,0.004961483222352728,,0.030560271646859035,0.00886033890796323,0.01890989988876529,inf,,0.013329101872421395,0.015538290788013226,0.02643171806167401,,0.06807204954826973,0.056680161943319936,0.03644477500929718,0.0036826760779501166,0.03389830508474583,0.009517335146158993,0.002607561929595828,0.008094045095394136,0.041681384669728004,-2.0,0.01641867624422775,,-2.0,,0.012096774193548487,0.014202711426726846,-0.004859423811176695,,,,0.01652892561983471,,,0.012113746021969067,0.043121149897330596,0.026684681641614562,0.03444976076555009,
0,2013-11-14,,0.133938706015891,0.02034292356873002,0.010175763182238616,0.0025284450063211487,,0.007808142777467931,,,0.003061447627378039,0.05322464636777748,0.013663764233087804,,0.02197802197802198,0.028972537613960514,0.012640835394339127,inf,,0.00978792822185973,0.015097690941385427,0.016083460117365864,,0.0669736767297743,0.056680161943319936,0.02214022140221402,-2.0,0.02773679551490125,0.028552005438477218,0.01297016861219196,0.009367681498828979,0.017094017094017096,0.013847675568743783,0.008053691275167786,,0.057792515395547084,,0.017804154302670596,0.01902346227013321,0.0061203672220333126,,,,0.021630901287553492,,,0.027096907642982775,0.04338842975206611,0.047781569965870255,0.01816574230367345,
0,2013-11-15,,0.10773480662983426,0.016985138004246256,0.006872852233676911,0.008910891089108898,,0.002229654403567447,,,0.0025850926324859727,0.05815909637106462,0.01879194630872483,,0.02575107296137339,0.012649800266311585,0.018146824305746594,inf,,0.008352071956312289,0.017052375152253246,0.011600429645542379,,0.10146879610031424,0.056680161943319936,0.02136031478358624,0.013622683351813708,0.023255813953488372,0.010899182561307912,0.028314028314028315,0.00975609756097561,0.017094017094017096,0.019417475728155338,0.007976328315965434,,0.05002359603586595,,0.007905138339920955,0.009900990099009912,0.005442176870748304,,,,0.02027027027027027,,,0.02907268170426071,0.05293201868188892,0.01680672268907563,0.03820006474587249,
0,2013-11-18,,0.10773480662983426,0.02967359050445104,0.007131713839982176,0.007290400972053394,,0.006700719503487695,,,0.00670578373847441,0.05322464636777748,0.010029031406703645,,0.014027630180658921,0.031676679410158386,0.010267495271548297,inf,,0.017268947873361022,0.014598540145985437,0.028075970272501995,,0.1977593765221626,0.10564663023679412,0.03592814371257494,0.015018773466833666,0.016289798940593573,0.012303485987696617,0.007081436519979796,0.008664828672705745,0.016749273628439528,0.024404416037187692,0.012202714481384578,,0.0914201906624298,,0.013738959764475032,0.025531914893617128,0.010193679918450464,,,,0.012238653748087596,,,0.025215129077446427,0.055064935064935185,0.01342281879194626,0.02166745171926512,
0,2013-11-19,,0.10773480662983426,0.03782505910165488,0.006283176253926967,0.004767580452920041,,0.0033698399326032493,,,0.003286770747740392,0.043583535108958835,0.01506102311088032,,0.028169014084507088,0.02197802197802198,0.007761966364812346,inf,,0.016,0.015342736946300358,0.02683504340962909,,0.16950393556653856,0.10564663023679412,0.02197802197802198,0.011385199240986717,0.01442041042706597,0.011912640635340815,0.04973624717407689,0.010726474890297362,0.019113814074717662,0.01006581494386374,0.00724722384570432,,0.06591244466305954,,0.013295346628679846,0.029498525073746312,0.03149606299212601,,,,-2.0,,,0.022048506714772386,0.05080352514256094,0.04040404040404038,0.021439509954058193,
0,2013-11-20,,0.08612440191387562,0.014709315900070104,0.015184381778741927,0.012004801920768308,,0.003944352646447345,,,0.004981320049813154,0.03134182174338886,0.009424083769633567,,0.01619265102761057,0.022026431718061675,0.005296610169491601,inf,,0.009852216748768496,0.01677255400254121,0.02681388012618301,,0.14334800168786546,0.041681384669728004,0.04411764705882353,0.017201658731377738,0.027548209366391185,0.022834116856950963,0.0392156862745098,0.01901774335849424,0.04800564772326167,0.00898995240613441,0.00227842333105491,,0.024091507237574753,,0.00933706816059754,0.01372997711670492,0.0019575856443718996,,,,0.020006898930665786,,,0.04713539098708215,0.04867944070429835,0.02306425041186159,0.05855161787365177,
0,2013-11-21,,0.0575280898876405,0.0011634671320534533,0.0028455729451680543,0.004629065659641801,,0.005130397605814402,,,0.00825082508250825,0.030844553243574106,0.010264508487958882,,0.029106029106029108,0.015894765689229925,0.010723860589812294,inf,,0.012861736334405212,0.01927955352612882,-2.0,,0.14334800168786546,0.041681384669728004,0.029197080291970802,0.009464655427388355,0.01149739939775524,0.025316455696202465,0.019801980198019802,0.010446437370651446,0.04840134251898949,0.013071895424836602,0.009111617312072893,,0.01809954751131219,,0.00564440263405461,0.014882655981682976,0.01680672268907562,,,,0.016170651986925817,,,0.05057289608850247,0.039542143600416316,0.02831917374646015,0.05855161787365177,
0,2013-11-22,,0.05337519623233914,0.014957388834135384,0.014372581536760612,0.014634146341463277,,0.00801068090787717,,,0.0037336652146857732,0.030844553243574106,0.016780283167278538,,0.01834862385321103,0.015894765689229925,0.003255561584373428,inf,,0.0061162079510702055,0.010116337885685344,0.009343895998375021,,0.033390508862207,0.15053763440860213,0.006547835576573341,0.0016478166429480855,0.005497526113249038,0.010638297872340318,0.014814814814814815,0.01488242881238218,0.0333625987708516,0.009265387160820685,0.009822958309537303,,0.009950248756218905,,0.01512287334593574,0.01747233546884104,0.014757779916586373,,,,0.029386343993085567,,,0.05057289608850247,0.03856175091193322,0.03333333333333333,0.05693069306930686,
0,2013-11-25,,0.10773480662983426,0.020809248554913427,0.025666337611056307,0.004579968663372249,,0.0038424591738713014,,,0.003300330033003347,0.009852216748768473,0.00522466039707419,,0.01377008136866268,0.01098901098901099,0.005425935973955584,inf,0.015113350125944544,0.007285974499089314,0.009464508094645144,0.02028397565922921,,0.14357181604484356,0.15714285714285708,0.014545454545454545,0.0071800131877792495,0.01645639056500274,0.014617940199335589,0.019801980198019802,0.010752688172042994,0.046659597030752925,0.010455959234994457,-0.0036798528058878165,,0.038834951456310676,,0.0076923076923077005,0.02567094515752612,0.015979546180888465,,,,0.008310249307479145,,,0.021847070506454846,0.040603852160333215,0.05310902193633513,0.06471494607087827,
0,2013-11-26,,0.10773480662983426,-2.0,0.01971287765159635,0.0023894862604540365,,0.00857449088960343,,,0.002037074760643716,0.3454281567489115,0.00418519487313634,,0.017191977077363967,0.038237738985868665,0.010706638115631844,inf,0.03401969561324977,0.06349206349206345,0.02281746031746036,0.024882724862329165,,0.16601167083482193,0.15714285714285708,0.009478672985782073,0.017101512826134646,0.006718924972004416,0.01698236446766818,0.02926829268292683,0.02388059701492543,0.046659597030752925,0.012320328542094547,0.01092896174863388,,0.01535508637236079,,0.01886792452830182,0.016412661195779457,0.010893944248638252,,,,0.01301369863013683,,,0.04406881980078474,0.04356846473029045,0.02969696969696982,0.030004546143354988,
0,2013-11-27,,0.08090909090909096,0.009592326139088694,0.0023920843753397723,0.004357298474945526,,0.008833351287299292,,,0.008650875386199887,0.08090698273640823,0.016290559487248026,,0.009819967266775802,0.017582417582417582,0.016304347826086998,inf,0.014005850545164397,0.024024024024024156,-2.0,0.005850396991224428,,0.16601167083482193,0.15714285714285708,-2.0,0.017421857843496258,0.010546392909233678,0.028131279303415937,-2.0,0.0036043251902282683,0.040072859744990946,0.020066889632107024,0.003375717339934736,,0.030190546894333058,,0.01732435033686234,0.019002375296912132,0.04146730462519938,,,,0.025669738995606817,,,0.06162129823511809,0.051335777894185274,0.024096385542168676,0.024015807873536944,
0,2013-11-28,,0.08090909090909096,0.014302741358760461,0.013497589716122176,0.01006470165348657,,0.010084754854629308,,,0.006619776582540316,0.0428699781799512,0.011944260119442602,,0.022286421791167996,0.02767017155506364,0.010840108401083971,inf,0.016057091882247992,0.03134418324291761,0.01162496841041177,0.007882182119892162,,0.16601167083482193,0.14388489208633093,0.03773584905660377,0.008866558297620723,0.008189824423627128,0.017321785476349084,0.08530805687203792,0.008012820512820484,0.033084893655698965,0.006734006734006734,0.00982581509602496,,0.0701936018221348,,0.009737098344693247,0.02125147579693031,0.03286978508217432,,,,0.033783783783783786,,,0.04907481898632337,0.0502617801047119,0.02588996763754048,0.05521472392638037,
0,2013-11-29,,0.03965248384940969,0.01018112939505149,0.009377664109121862,0.0016881707464126438,,0.009330258995120308,,,0.005119453924914627,0.0428699781799512,0.01117913228639869,,0.03235172127747827,0.01643835616438356,0.010273046769397205,inf,0.008101491208546547,0.018557318168213034,0.013571249057552125,0.011494252873563265,,0.09876543209876543,0.0856741573033707,0.03389830508474576,0.010050251256281433,0.03784570596797671,0.021248339973439594,0.08530805687203792,0.027267338470657883,0.03493449781659392,0.004024144869215253,0.02636025684352819,,0.017394884462971518,,0.011627906976744281,0.0036210018105010426,0.01564945226917069,,,,0.01438848920863313,,,0.017492711370262364,0.051335777894185274,0.03384367445608383,0.04577329120752107,
0,2013-12-02,,0.11277330264672032,0.014646435057706955,0.008587286626872,0.00895992250877824,,0.01282051282051282,,,0.011035653650254643,0.03192584963954695,0.011881188118811881,,0.013190436933223366,0.017524644030668127,0.012903225806451528,inf,0.01253437936787059,0.006569125111973689,0.01252191334835963,0.021026592455163858,,0.09863588667366206,0.05892547660311956,0.03278688524590159,0.008298755186721948,0.01803833145434041,0.021024967148488848,0.03827751196172249,0.027418877601341367,0.035753374680773324,0.006662225183211193,0.027513700928307825,,0.05180089032780255,,0.0038834951456311576,0.0047732696897375805,0.01944183129507697,,,,0.01001669449081803,,,0.09315721521501634,0.051389617199790266,0.020116807268007703,0.018072289156626505,
0,2013-12-03,,0.11277330264672032,0.008106543138390305,0.01560193970061132,0.009382716049382603,,0.014853083629318645,,,0.006893580353295968,0.031088082901554404,-2.0,,0.03660845781611609,0.013172338090010977,0.009798584648884034,0.13561131873998933,-2.0,0.006079027355623187,0.01658708218145254,0.023646546359676484,,0.11167008260356494,0.009602194787380012,0.00749063670411985,0.013673088875077618,0.03850509626274072,0.009414929388029509,0.03389830508474576,0.035363457760314285,0.03503649635036487,0.006465517241379363,0.015352097007453503,,0.0714322741174641,,0.009718172983479071,0.012004801920768478,0.018187519598620205,,,,0.017145738779626905,,,0.05825242718446602,0.032821598729486555,0.015932368720533194,0.04025617566331195,
0,2013-12-04,,0.03773584905660368,0.03196629909552717,0.017764298093587528,0.008028098344204723,,0.01312910284463895,,,0.00571303010327393,0.025839793281653745,0.0032733224222585614,,0.026974951830443086,0.024282560706401765,0.013029315960911966,0.13561131873998933,0.014702439481200587,0.010915706488781063,0.019994873109459143,0.013055380080016823,,0.13074271388279526,0.054246966452533886,0.026335040234089207,0.003049514485193768,0.015076800997562752,0.033012379642365794,0.08436724565756824,0.009531374106433756,0.03897286468767062,0.005928321207221743,0.037761144006256235,,0.06521399968797124,,0.007874015748031503,0.015634395670475136,0.015698587127158554,,,,0.010563980235133831,,,0.06949806949806953,0.021276595744680774,0.03278688524590164,0.032432432432432434,
0,2013-12-05,,0.11277330264672032,0.01869385773245941,0.010441592342832368,0.0005073566717403127,,0.00645973613620187,,,0.007011393514460974,0.07957559681697612,0.009777294948397672,,0.014801915542011344,0.007004858208112078,0.01588605861407829,0.13561131873998933,0.012793176972281491,0.025616994689159643,0.01655457837558183,0.013536379018612472,,0.1303911735205616,0.06047669868374242,0.05621301775147925,0.007934580195935584,0.024255537208905033,0.041517537580529715,0.061446977205153644,0.005525952239984234,0.028628374705562572,0.00947867298578203,0.01557489693082916,,0.052083333333333336,,0.014184397163120444,0.024360535931790626,0.021066070858601984,,,,0.007313250914156246,,,0.06295399515738499,0.047095761381475594,0.023999999999999962,-2.0,
0,2013-12-06,,0.06235011990407677,0.020042514424536965,0.025288620120945546,0.010484592763073869,,0.015267175572519083,,,-2.0,0.08920559514383745,0.009621993127147767,,0.02157962883038412,0.03520726859738785,0.017294281729428103,0.13561131873998933,0.013500482160077145,0.021840873634945378,0.01287001287001287,0.025423728813559324,,0.20388349514563103,0.06047669868374242,0.028608582574772393,0.007386130488305224,0.023014697504842155,0.02247191011235957,0.061446977205153644,0.005571030640668546,0.027893497554790786,0.020858729513747693,0.020713463751438434,,0.052248573373121776,,0.012121212121212222,0.007246376811594262,0.03110123770231674,,,,0.036617262423714034,,,0.06295399515738499,0.047095761381475594,0.026684236534343674,0.05989542069402623,
0,2013-12-09,,0.12746234067207415,0.02466091245376079,0.012997026104196417,0.004797374068930812,,0.0086656063182142,,,0.010652463382157149,0.057113717491075924,0.01169590643274857,,0.04207814512666385,0.03843319539708633,0.014865637507147028,0.13561131873998933,0.017233033207474057,0.017753290480563153,0.020046260601387665,0.019317450096587252,,0.10526315789473684,0.061166429587482175,0.030491247882552103,0.008032128514056224,0.019606732022439958,0.026009582477755016,0.061446977205153644,0.006042296072507496,0.027893497554790786,0.019672131147540985,0.0025031289111389753,,0.05851836480597635,,0.0123456790123456,0.01803968731208663,0.020985691573926872,,,,0.015400770038501847,,,0.06949806949806953,0.06105263157894719,0.035802266382000326,0.05989542069402623,
0,2013-12-10,,0.007839520405810383,0.02937576499388012,0.00812918817972107,-2.0,,0.008514354328130067,,,0.004357298474945534,0.025329542517446398,-2.0,,0.03837953091684435,0.024471635150166853,0.006980802792321176,inf,0.02287264973832129,0.0036674816625918262,0.005551349987383267,0.014063498828041813,,0.2988505747126437,0.061166429587482175,0.04058834481474577,0.010387534958050317,0.015248065543923571,0.013315579227696358,0.017552413456850286,0.010215322984476676,0.014440433212996338,0.008352071956312311,0.0024872809496891413,,0.03610411418975648,,0.012552301255230046,0.0011968880909634693,0.010762899651788536,,,,0.0073107049608355885,,,0.06750241080038573,0.02994652406417105,0.014949626259343544,0.021638330757341576,
0,2013-12-11,,0.09898242368177615,0.02394470501110834,0.006691947356680731,0.007604562737642693,,0.014076881429344884,,,0.009894600989460026,0.027799227799227683,0.013755158184319119,,0.03670507895860006,0.0335195530726257,0.009852216748768364,inf,0.012675018422991983,0.025814382298709387,0.019701944935589643,0.012142237640936736,,0.2988505747126437,0.04587813620071676,0.02156935663815549,0.011116560405427493,0.014086966645322703,0.03809523809523813,0.018330443398563233,0.017999797755081415,0.01766083979095327,0.027779555783140262,0.004428388299731913,,0.045846169912798294,,0.01487778958554735,0.021978021978021945,0.019354838709677465,,,,0.0234884732492388,,,0.016182770109471705,0.02994652406417105,0.013029315960912006,0.048166220683141865,
0,2013-12-12,,0.09898242368177615,0.009925558312655052,0.01477501678979173,0.005236254831068466,,0.0033103742858668615,,,0.009519688446559881,0.03571428571428571,0.013064779531845433,,0.020980518090344704,0.02247191011235955,0.005945303210463818,0.19218241042345272,0.017585931254996027,0.012269938650306707,0.008566389518770378,0.01748251748251748,,0.3108030040439053,0.061166429587482175,0.02931228861330331,0.009094667217858572,0.0,0.02956989247311825,0.024691358024691357,0.022682343148475777,0.014440433212996338,0.023985121528891228,0.006502554575011638,,0.0653214062825047,,0.014941302027748002,0.023735165521548973,0.007267922035018132,,,,0.014629049111807691,,,0.054368932038834895,0.02994652406417105,0.021546261089987317,-0.007371369600471768,
0,2013-12-13,,0.0985426786953504,0.008821676118462544,0.011405568601140512,0.010256410256410171,,0.011121510763640392,,,0.006565988181221274,0.09724047306176084,0.01759208356239686,,0.03715846994535519,0.017186295662738372,0.008298755186722025,0.19218241042345272,0.007927070947284977,0.01616915422885582,0.01425661914460291,0.012083240098456108,,0.3108030040439053,0.04096298957959026,0.007722007722007722,0.011898859692612772,0.019990128331687937,0.013531799729364077,0.03473445758872392,0.01271186440677969,0.01928324540658545,0.01929260450160772,0.0056845097110373695,,0.02642049976126049,,0.008658008658008667,0.033419023136246756,0.0402684563758389,,,,0.04652808491817772,,,0.053423992229237494,0.02994652406417105,0.05020242914979748,0.01747514311539624,
0,2013-12-16,,0.0864765409383624,0.024065864471184365,0.012244897959183655,0.009671672181216479,,0.0068064551542431065,,,0.009615384615384689,0.062199747155499426,0.015130288596245543,,-2.0,0.02849002849002849,0.011312890741292126,0.19218241042345272,0.02518488906656011,0.01610305958132045,0.011654421079300757,0.029917392275061475,,0.3108030040439053,0.04096298957959026,0.05331302361005342,0.0074595938665560834,0.03134796238244514,0.030054644808743133,0.039176293319939784,0.012684989429175507,0.005571030640668471,0.010801080108010846,0.01704545454545452,,0.04269046722942092,,0.013043478260869481,0.03065134099616861,0.012920775246514879,,,,0.040635258628338174,,,0.05625606207565468,0.02994652406417105,0.0486223662884927,0.02669065826960557,
0,2013-12-17,,0.0985426786953504,0.08236017209588203,0.010064043915827945,0.012738853503184714,,0.00959023539668696,,,0.003929273084479396,0.055315909667597085,0.0111731843575419,,0.044444444444444446,0.052286823952234655,0.015178050204319995,inf,0.0166600555335184,0.018495684340320638,0.02076475056976451,0.013495276653171389,,0.09409751924721985,0.09594095940959402,0.027777777777777846,0.004836961054123912,0.017654476670870185,0.02362751911049339,0.02609363008442054,0.020287404902789387,0.07547169811320754,0.0026904106079046024,0.011390602752729026,,0.05740987983978635,,0.006557377049180383,0.013333333333333286,0.01432958034800403,,,,0.017452006980802792,,,0.04487804878048775,0.04872881355932193,0.022617124394184143,0.017804154302670624,
0,2013-12-18,,0.0941340134477161,0.010063217649335583,0.012790146849834183,0.0002587656876697635,,0.0035523978685612035,,,0.001748251748251773,0.062199747155499426,0.012297372833985402,,0.01791607732201797,0.05270779032725167,-0.0005986231667166455,0.13641133263378805,0.011928429423459244,0.011015911872705002,0.010805248263442289,0.015010234250625478,,0.12825539064687766,0.09594095940959402,0.07615230460921844,0.0071562446754132175,0.06798340660021045,0.012756909992912808,0.034346103038309116,0.010605391073795776,0.061205094088576294,0.00964940495336121,0.02067736185383255,,0.0794099003054227,,-2.0,0.01641586867305063,0.04008293020041466,,,,0.029398663697104678,,,0.02464268112370626,0.02994652406417105,0.04143000334112937,0.017804154302670624,
0,2013-12-19,,0.014087707339241022,0.005270939127081013,0.01702334630350184,0.003572339882623133,,0.008755191379503821,,,-2.0,0.04391217564870265,0.019230769230769263,,0.021719457013574712,0.027323306814881425,0.01049562682215742,0.15748521630874568,0.017804154302670624,0.012202562538132964,0.020424194815396732,0.02614379084967318,,0.12825539064687766,0.10604375231738968,0.02685908999799566,0.009399477806788497,0.021641791044776055,0.0473797559224695,0.028985507246376812,0.007492287351255979,0.07547169811320754,0.018425037859666753,0.006975122064636131,,0.06428451225668934,,0.01124859392575924,0.023303632625085665,0.027586206896551627,,,,0.023541813070976768,,,0.023762376237623818,0.02994652406417105,0.017059708981434957,0.016332590942835932,
0,2013-12-20,,0.0985426786953504,0.014630390143737177,0.011288343558282055,0.008680112330865545,,0.006617227609811699,,,0.006094906399651745,0.054107719036981916,0.012097341398227629,,0.010238148230580954,0.040228228920523315,0.01720557698012454,0.15748521630874568,0.028122754798316718,0.018126888217522705,0.025715035423773392,0.016401350699469394,,0.1271015467383995,0.10604375231738968,0.048,0.0077178497711567744,0.054453944575829354,0.012631578947368402,0.03674540682414698,0.0382608695652175,0.046598322460391424,0.015545023696682335,0.007001166861143524,,0.02075668551974082,,0.006764374295377733,0.035714285714285685,0.041522491349480946,,,,0.020992705924212693,,,0.021564942130774624,0.04090419806243281,0.038480843232390906,0.04363742861326689,
0,2013-12-23,,0.044164037854889614,0.04425465838509319,0.012861736334405046,0.02238712111684066,,0.0089586904827739,,,0.003939592908732789,0.049011071028734886,0.014216027874564524,,0.04140969162995585,0.029748283752860413,0.026995305164319302,inf,0.0475760313158687,0.013662013662013686,0.01297016861219196,0.02210759027266028,,0.11771332019149537,0.10412926391382413,0.05396887925940512,0.018518518518518517,0.027264840748543847,0.0250347705146037,0.03373493975903621,0.028291621327530016,0.046598322460391424,0.03146633102580239,0.01611047180667434,,0.05931729155008391,,0.015401540154015464,0.021476510067114114,-2.0,,,,0.023805294013146162,,,0.02176063303659746,0.04090419806243281,0.035225048923679,0.05265480217679064,
0,2013-12-27,,0.02139037433155082,0.01823165678587374,0.0060393767363208116,0.011798669511735882,,0.009928295642581356,,,0.0008722197993895204,0.04803169101262698,0.014492753623188376,,0.013071895424836602,0.032104449840739305,0.008815750808110407,inf,0.015076631221606534,0.012746234067207558,0.024816409217523348,0.019690576652602047,,0.11771332019149537,0.0429948109710897,0.04390435123480983,0.011921137093076543,0.028272894898586323,0.03450655624568668,0.06753246753246753,0.018466824135709672,0.0537033699765723,0.021591263650545894,0.010996563573883057,,0.05013927576601671,,0.008830022075055196,0.02890932982917211,0.031383737517831634,,,,0.03132466153437737,,,0.028254903953653838,0.06293333333333331,0.0290791599353796,0.03459396071533278,
0,2013-12-30,,0.12659401808485976,0.03605784544817497,0.00680272108843523,0.00885963802050377,,0.010938622175570387,,,0.0068728522336769515,0.05322464636777748,0.01692798667961694,,0.03508771929824561,0.039769813685829866,-2.0,inf,0.028455284552845527,0.006795016987542324,0.018682150971976643,0.024505183788878497,,0.11652124964818457,0.10412926391382413,0.02337096454743516,0.013360549267025401,0.041016222834404585,0.029065743944636676,0.06217616580310881,0.027409086004100486,0.05194805194805199,0.018575851393188854,0.011402508551881414,,0.05013927576601671,,0.008928571428571435,0.021447721179624683,0.007336757153338199,,,,0.014035087719298246,,,0.06,0.06293333333333331,0.03194063558638485,0.02130003672420125,
